Download phase: start
Download phase: start
[youtube] Extracting URL: https://youtube.com/watch?v=xntn1ahZvbc
[youtube] xntn1ahZvbc: Downloading webpage
[youtube] xntn1ahZvbc: Downloading android vr player API JSON
[youtube] xntn1ahZvbc: Downloading player 8fb635c2-main
[youtube] [jsc:deno] Solving JS challenges using deno
[youtube] xntn1ahZvbc: Downloading m3u8 information
[info] xntn1ahZvbc: Downloading 1 format(s): 251
[download] Destination: /Users/willard/Developer/WhisperSummarize-Flow/output/adhoc_yt_xntn1ahZvbc/【中文知識立體書】將世界史知識變成精采冒險故事！ KiDiDOC 超好玩互動知識書第五輯：勇闖古老城堡 & 航向海盜王國__xntn1ahZvbc.webm

[download]   0.0% of   24.79MiB at  Unknown B/s ETA Unknown
[download]   0.0% of   24.79MiB at  Unknown B/s ETA Unknown
[download]   0.0% of   24.79MiB at  Unknown B/s ETA Unknown
[download]   0.1% of   24.79MiB at  Unknown B/s ETA Unknown
[download]   0.1% of   24.79MiB at   26.65MiB/s ETA 00:00  
[download]   0.2% of   24.79MiB at   32.18MiB/s ETA 00:00
[download]   0.5% of   24.79MiB at   36.67MiB/s ETA 00:00
[download]   1.0% of   24.79MiB at   22.23MiB/s ETA 00:01
[download]   2.0% of   24.79MiB at   17.69MiB/s ETA 00:01
[download]   4.0% of   24.79MiB at   15.95MiB/s ETA 00:01
[download]   8.1% of   24.79MiB at   15.50MiB/s ETA 00:01
[download]  16.1% of   24.79MiB at   14.43MiB/s ETA 00:01
[download]  32.3% of   24.79MiB at   17.20MiB/s ETA 00:00
[download]  39.1% of   24.79MiB at   17.10MiB/s ETA 00:00
[download]  39.1% of   24.79MiB at  Unknown B/s ETA Unknown
[download]  39.1% of   24.79MiB at  Unknown B/s ETA Unknown
[download]  39.1% of   24.79MiB at    6.51MiB/s ETA 00:02  
[download]  39.1% of   24.79MiB at   10.06MiB/s ETA 00:01
[download]  39.2% of   24.79MiB at   16.35MiB/s ETA 00:00
[download]  39.3% of   24.79MiB at   27.48MiB/s ETA 00:00
[download]  39.6% of   24.79MiB at   46.84MiB/s ETA 00:00
[download]  40.1% of   24.79MiB at   74.58MiB/s ETA 00:00
[download]  41.1% of   24.79MiB at   11.74MiB/s ETA 00:01
[download]  43.1% of   24.79MiB at   13.15MiB/s ETA 00:01
[download]  47.1% of   24.79MiB at   13.66MiB/s ETA 00:00
[download]  55.2% of   24.79MiB at   22.17MiB/s ETA 00:00
[download]  71.3% of   24.79MiB at    5.24MiB/s ETA 00:01
[download]  78.6% of   24.79MiB at    4.26MiB/s ETA 00:01
[download]  78.6% of   24.79MiB at  Unknown B/s ETA Unknown
[download]  78.6% of   24.79MiB at    2.64MiB/s ETA 00:02  
[download]  78.6% of   24.79MiB at    3.02MiB/s ETA 00:01
[download]  78.7% of   24.79MiB at    4.62MiB/s ETA 00:01
[download]  78.7% of   24.79MiB at    7.50MiB/s ETA 00:00
[download]  78.9% of   24.79MiB at   12.59MiB/s ETA 00:00
[download]  79.1% of   24.79MiB at   21.49MiB/s ETA 00:00
[download]  79.6% of   24.79MiB at   34.57MiB/s ETA 00:00
[download]  80.6% of   24.79MiB at   55.00MiB/s ETA 00:00
[download]  82.7% of   24.79MiB at  955.77KiB/s ETA 00:04
[download]  84.6% of   24.79MiB at    1.29MiB/s ETA 00:02
[download]  88.4% of   24.79MiB at    1.89MiB/s ETA 00:01
[download]  96.0% of   24.79MiB at    2.59MiB/s ETA 00:00
[download] 100.0% of   24.79MiB at    2.50MiB/s ETA 00:00
[download] 100% of   24.79MiB in 00:00:05 at 4.87MiB/s   
EVENT phase_download status=ok seconds=7.95
Transcribe phase: start
EVENT phase_transcribe status=ok seconds=0.00
Traditionalize phase: start
EVENT phase_traditionalize status=ok seconds=0.00
Summarize phase: start
EVENT phase_summarize status=ok seconds=0.00
Notification phase: start
EVENT telegram status=ok seconds=0.00
EVENT phase_notification status=ok seconds=0.00
PIPELINE_ALL_DOWNLOADED=0
Download phase: start
EVENT download status=ok seconds=0.00 item="Ad-hoc Task" detail="【中文知識立體書】將世界史知識變成精采冒險故事！ KiDiDOC 超好玩互動知識書第五輯：勇闖古老城堡 & 航向海盜王國__xntn1ahZvbc.mp3"
EVENT phase_download status=ok seconds=0.00
Transcribe phase: start
Download phase: start
[youtube] Extracting URL: https://youtube.com/watch?v=xntn1ahZvbc
[youtube] xntn1ahZvbc: Downloading webpage
[youtube] xntn1ahZvbc: Downloading android vr player API JSON
[youtube] xntn1ahZvbc: Downloading player 8fb635c2-main
[youtube] [jsc:deno] Solving JS challenges using deno
[youtube] xntn1ahZvbc: Downloading m3u8 information
[info] xntn1ahZvbc: Downloading 1 format(s): 251
[download] Destination: /Users/willard/Developer/WhisperSummarize-Flow/output/adhoc_yt_xntn1ahZvbc/【中文知識立體書】將世界史知識變成精采冒險故事！ KiDiDOC 超好玩互動知識書第五輯：勇闖古老城堡 & 航向海盜王國__xntn1ahZvbc.webm

[download]   0.0% of   24.79MiB at  Unknown B/s ETA Unknown
[download]   0.0% of   24.79MiB at  Unknown B/s ETA Unknown
[download]   0.0% of   24.79MiB at  Unknown B/s ETA Unknown
[download]   0.1% of   24.79MiB at   14.56MiB/s ETA 00:01  
[download]   0.1% of   24.79MiB at   25.90MiB/s ETA 00:00
[download]   0.2% of   24.79MiB at   44.39MiB/s ETA 00:00
[download]   0.5% of   24.79MiB at   66.90MiB/s ETA 00:00
[download]   1.0% of   24.79MiB at   78.91MiB/s ETA 00:00
[download]   2.0% of   24.79MiB at   92.79MiB/s ETA 00:00
[download]   4.0% of   24.79MiB at  100.35MiB/s ETA 00:00
[download]   8.1% of   24.79MiB at  104.90MiB/s ETA 00:00
[download]  16.1% of   24.79MiB at   95.60MiB/s ETA 00:00
[download]  32.3% of   24.79MiB at   71.47MiB/s ETA 00:00
[download]  38.4% of   24.79MiB at   54.29MiB/s ETA 00:00
[download]  38.4% of   24.79MiB at  Unknown B/s ETA Unknown
[download]  38.4% of   24.79MiB at  Unknown B/s ETA Unknown
[download]  38.4% of   24.79MiB at  Unknown B/s ETA Unknown
[download]  38.4% of   24.79MiB at  Unknown B/s ETA Unknown
[download]  38.5% of   24.79MiB at  Unknown B/s ETA Unknown
[download]  38.6% of   24.79MiB at  Unknown B/s ETA Unknown
[download]  38.9% of   24.79MiB at  Unknown B/s ETA Unknown
[download]  39.4% of   24.79MiB at  104.27MiB/s ETA 00:00  
[download]  40.4% of   24.79MiB at    7.69MiB/s ETA 00:01
[download]  42.4% of   24.79MiB at   14.40MiB/s ETA 00:00
[download]  46.4% of   24.79MiB at   25.49MiB/s ETA 00:00
[download]  54.5% of   24.79MiB at   22.76MiB/s ETA 00:00
[download]  70.6% of   24.79MiB at   28.40MiB/s ETA 00:00
[download]  76.8% of   24.79MiB at   26.92MiB/s ETA 00:00
[download]  76.8% of   24.79MiB at  Unknown B/s ETA Unknown
[download]  76.8% of   24.79MiB at  Unknown B/s ETA Unknown
[download]  76.8% of   24.79MiB at  Unknown B/s ETA Unknown
[download]  76.9% of   24.79MiB at   12.24MiB/s ETA 00:00  
[download]  76.9% of   24.79MiB at   19.27MiB/s ETA 00:00
[download]  77.0% of   24.79MiB at   31.53MiB/s ETA 00:00
[download]  77.3% of   24.79MiB at   52.22MiB/s ETA 00:00
[download]  77.8% of   24.79MiB at   70.46MiB/s ETA 00:00
[download]  78.8% of   24.79MiB at   95.98MiB/s ETA 00:00
[download]  80.8% of   24.79MiB at   41.19MiB/s ETA 00:00
[download]  84.9% of   24.79MiB at   60.08MiB/s ETA 00:00
[download]  92.9% of   24.79MiB at   57.41MiB/s ETA 00:00
[download] 100.0% of   24.79MiB at   63.78MiB/s ETA 00:00
[download] 100% of   24.79MiB in 00:00:00 at 33.10MiB/s  
[ExtractAudio] Destination: /Users/willard/Developer/WhisperSummarize-Flow/output/adhoc_yt_xntn1ahZvbc/【中文知識立體書】將世界史知識變成精采冒險故事！ KiDiDOC 超好玩互動知識書第五輯：勇闖古老城堡 & 航向海盜王國__xntn1ahZvbc.mp3
Deleting original file /Users/willard/Developer/WhisperSummarize-Flow/output/adhoc_yt_xntn1ahZvbc/【中文知識立體書】將世界史知識變成精采冒險故事！ KiDiDOC 超好玩互動知識書第五輯：勇闖古老城堡 & 航向海盜王國__xntn1ahZvbc.webm (pass -k to keep)
EVENT download status=ok seconds=23.57 item="Ad-hoc Task" detail="【中文知識立體書】將世界史知識變成精采冒險故事！ KiDiDOC 超好玩互動知識書第五輯：勇闖古老城堡 & 航向海盜王國__xntn1ahZvbc.mp3"
EVENT phase_download status=ok seconds=23.57
Transcribe phase: start
Download phase: start
EVENT download status=ok seconds=0.00 item="Ad-hoc Task" detail="【中文知識立體書】將世界史知識變成精采冒險故事！ KiDiDOC 超好玩互動知識書第五輯：勇闖古老城堡 & 航向海盜王國__xntn1ahZvbc.mp3"
EVENT phase_download status=ok seconds=0.00
Transcribe phase: start
Download phase: start
EVENT download status=ok seconds=0.00 item="Ad-hoc Task" detail="【中文知識立體書】將世界史知識變成精采冒險故事！ KiDiDOC 超好玩互動知識書第五輯：勇闖古老城堡 & 航向海盜王國__xntn1ahZvbc.mp3"
EVENT phase_download status=ok seconds=0.00
Transcribe phase: start

[00:00:00.000 --> 00:00:01.160]  Hello 大家好
[00:00:01.160 --> 00:00:03.100]  今天想跟大家分享的是
[00:00:03.100 --> 00:00:05.060]  我们全家都超期待的
[00:00:05.060 --> 00:00:07.540]  KittyDog 超好玩互动知识书
[00:00:07.540 --> 00:00:08.900]  他的第五集
[00:00:08.900 --> 00:00:11.540]  就是第五套终于出版了
[00:00:11.540 --> 00:00:13.560]  第四集我还记得是
[00:00:13.560 --> 00:00:15.500]  前年出的吧
[00:00:15.500 --> 00:00:16.800]  那时候我们还以为
[00:00:16.800 --> 00:00:18.460]  再也等不到下一集了
[00:00:18.460 --> 00:00:20.900]  所以我们家弟弟他失落了很久
[00:00:20.900 --> 00:00:22.560]  然后没想到这是隔
[00:00:22.560 --> 00:00:25.440]  再隔一年居然就出了第五集
[00:00:25.440 --> 00:00:27.240]  他真是让我们又惊又喜
[00:00:27.240 --> 00:00:29.160]  然后这次第五集的内容呢
[00:00:29.160 --> 00:00:31.360]  他其实跟上一集的这个
[00:00:31.360 --> 00:00:32.920]  历史地理这个
[00:00:32.920 --> 00:00:34.260]  就是感觉有点
[00:00:34.260 --> 00:00:35.960]  有点延续的关系
[00:00:35.960 --> 00:00:37.060]  因为他这里是讲
[00:00:37.060 --> 00:00:38.560]  这比较是就是
[00:00:38.560 --> 00:00:41.900]  西方历史就是世界史的一些概念
[00:00:41.900 --> 00:00:44.600]  然后里面融入了非常有趣的一些
[00:00:44.600 --> 00:00:46.260]  像城堡探险
[00:00:46.260 --> 00:00:47.460]  或者是海盗
[00:00:47.460 --> 00:00:49.660]  海盗的冒险这样子的故事
[00:00:49.660 --> 00:00:51.020]  所以我觉得
[00:00:51.020 --> 00:00:54.260]  应该是大一点的小朋友都可以很喜欢
[00:00:54.260 --> 00:00:56.700]  然后小一点的话可能从
[00:00:56.700 --> 00:00:58.820]  3-5岁的小朋友
[00:00:58.820 --> 00:00:59.160]  可能
[00:00:59.160 --> 00:01:01.800]  可以先听他的故事音档
[00:01:01.800 --> 00:01:02.960]  他玩里面的机关
[00:01:02.960 --> 00:01:06.700]  然后大概5-10岁的大班或者是小学
[00:01:06.700 --> 00:01:07.760]  一中年级生
[00:01:07.760 --> 00:01:10.520]  可能会对里面的知识会更有感
[00:01:10.520 --> 00:01:11.760]  可以学到更多
[00:01:11.760 --> 00:01:13.920]  那这是一本老少写意的
[00:01:13.920 --> 00:01:16.400]  非常有趣的中文的点读书
[00:01:16.400 --> 00:01:19.020]  那今天就赶快来带大家一起开箱
[00:01:19.020 --> 00:01:21.420]  那我先带大家来看第一本的
[00:01:21.420 --> 00:01:24.360]  就是这个勇闯古老城堡
[00:01:24.360 --> 00:01:26.100]  勇闯古老城堡呢
[00:01:26.100 --> 00:01:29.020]  他讲的是这个中欧洲中世纪的城堡
[00:01:29.020 --> 00:01:31.220]  然后这里面他整个社会结构
[00:01:31.220 --> 00:01:33.160]  然后我要点的时候
[00:01:33.160 --> 00:01:35.120]  我可以用我的KID3点读笔
[00:01:35.120 --> 00:01:38.620]  先点一下他的这个点读笔的这个封面的符号
[00:01:38.620 --> 00:01:43.620]  然后我可以这边点全书朗读
[00:01:43.620 --> 00:01:46.560]  我也有一个这个小卡点读小卡
[00:01:46.560 --> 00:01:47.680]  可以听他的故事
[00:01:47.680 --> 00:01:49.280]  不用把整本书带着走
[00:01:49.280 --> 00:01:53.420]  那我可以先来听听看他的一个情境故事
[00:01:53.420 --> 00:01:55.620]  他的左下角这边
[00:01:55.620 --> 00:01:58.980]  他每每一个跨页都有一个情境故事
[00:01:58.980 --> 00:02:03.020]  先听一小段试试看
[00:02:03.020 --> 00:02:04.880]  你们两个要注意安全
[00:02:04.880 --> 00:02:06.280]  不要在城堡里面乱跑
[00:02:06.280 --> 00:02:08.820]  大家可以看到这边有一个哇立体的城堡
[00:02:08.820 --> 00:02:10.180]  爸爸再见
[00:02:10.180 --> 00:02:10.180]  爸爸再见
[00:02:10.180 --> 00:02:23.220]  什么
[00:02:23.220 --> 00:02:24.980]  我们要去哪里报到
[00:02:24.980 --> 00:02:27.080]  这里就是城堡的入口
[00:02:27.080 --> 00:02:29.680]  这个重型铁栅栏叫做吊闸
[00:02:29.680 --> 00:02:31.220]  用来守卫城门
[00:02:31.220 --> 00:02:33.740]  而这座吊闸就是城堡的入口
[00:02:33.740 --> 00:02:35.680]  这里就是城堡的入口
[00:02:35.680 --> 00:02:37.140]  这里就是城堡的入口
[00:02:37.140 --> 00:02:40.180]  这个重型铁栅栏叫做吊闸
[00:02:40.180 --> 00:02:41.980]  用来守卫城门
[00:02:41.980 --> 00:02:44.380]  而这座吊闸就是城堡的入口
[00:02:44.380 --> 00:02:45.580]  这里就是城堡的入口
[00:02:45.580 --> 00:02:46.880]  这里就是城堡的入口
[00:02:46.880 --> 00:02:47.880]  这里就是城堡的入口
[00:02:47.880 --> 00:02:48.880]  这里就是城堡的入口
[00:02:48.880 --> 00:02:49.780]  这里就是城堡的入口
[00:02:49.780 --> 00:02:50.880]  这里就是城堡的入口
[00:02:50.880 --> 00:02:51.980]  这里就是城堡的入口
[00:02:51.980 --> 00:02:52.980]  这里就是城堡的入口
[00:02:52.980 --> 00:02:53.980]  这里就是城堡的入口
[00:02:53.980 --> 00:02:54.980]  这里就是城堡的入口
[00:02:54.980 --> 00:02:55.980]  这里就是城堡的入口
[00:02:55.980 --> 00:02:56.980]  这里就是城堡的入口
[00:02:56.980 --> 00:02:57.980]  这里就是城堡的入口
[00:02:57.980 --> 00:02:58.980]  这里就是城堡的入口
[00:02:58.980 --> 00:02:59.980]  这里就是城堡的入口
[00:02:59.980 --> 00:03:00.980]  这里就是城堡的入口
[00:03:00.980 --> 00:03:01.980]  这里就是城堡的入口
[00:03:01.980 --> 00:03:02.980]  这里就是城堡的入口
[00:03:02.980 --> 00:03:03.980]  这里就是城堡的入口
[00:03:03.980 --> 00:03:04.980]  这里就是城堡的入口
[00:03:04.980 --> 00:03:05.980]  这里就是城堡的入口
[00:03:05.980 --> 00:03:06.980]  这里就是城堡的入口
[00:03:06.980 --> 00:03:07.980]  这里就是城堡的入口
[00:03:07.980 --> 00:03:08.980]  这里就是城堡的入口
[00:03:08.980 --> 00:03:09.980]  这里就是城堡的入口
[00:03:09.980 --> 00:03:10.980]  这里就是城堡的入口
[00:03:10.980 --> 00:03:11.980]  这里就是城堡的入口
[00:03:11.980 --> 00:03:12.980]  这里就是城堡的入口
[00:03:12.980 --> 00:03:13.980]  这里就是城堡的入口
[00:03:13.980 --> 00:03:14.980]  这里就是城堡的入口
[00:03:14.980 --> 00:03:15.980]  这里就是城堡的入口
[00:03:15.980 --> 00:03:16.980]  这里就是城堡的入口
[00:03:16.980 --> 00:03:17.980]  这里就是城堡的入口
[00:03:17.980 --> 00:03:18.980]  这里就是城堡的入口
[00:03:18.980 --> 00:03:19.980]  这里就是城堡的入口
[00:03:19.980 --> 00:03:20.980]  这里就是城堡的入口
[00:03:20.980 --> 00:03:21.980]  这里就是城堡的入口
[00:03:21.980 --> 00:03:22.980]  这里就是城堡的入口
[00:03:22.980 --> 00:03:23.980]  这里就是城堡的入口
[00:03:23.980 --> 00:03:24.980]  这里就是城堡的入口
[00:03:24.980 --> 00:03:25.980]  这里就是城堡的入口
[00:03:25.980 --> 00:03:26.980]  这里就是城堡的入口
[00:03:26.980 --> 00:03:27.980]  这里就是城堡的入口
[00:03:27.980 --> 00:03:28.980]  这里就是城堡的入口
[00:03:28.980 --> 00:03:29.980]  这里就是城堡的入口
[00:03:29.980 --> 00:03:30.980]  这里就是城堡的入口
[00:03:30.980 --> 00:03:31.980]  这里就是城堡的入口
[00:03:31.980 --> 00:03:32.980]  这里就是城堡的入口
[00:03:32.980 --> 00:03:33.980]  这里就是城堡的入口
[00:03:33.980 --> 00:03:34.980]  这里就是城堡的入口
[00:03:34.980 --> 00:03:35.980]  这里就是城堡的入口
[00:03:35.980 --> 00:03:36.980]  这里就是城堡的入口
[00:03:36.980 --> 00:03:37.980]  这里就是城堡的入口
[00:03:37.980 --> 00:03:38.980]  这里就是城堡的入口
[00:03:38.980 --> 00:03:39.980]  这里就是城堡的入口
[00:03:39.980 --> 00:03:40.980]  这里就是城堡的入口
[00:03:40.980 --> 00:03:41.980]  这里就是城堡的入口
[00:03:41.980 --> 00:03:42.980]  这里就是城堡的入口
[00:03:42.980 --> 00:03:43.980]  这里就是城堡的入口
[00:03:43.980 --> 00:03:44.980]  这里就是城堡的入口
[00:03:44.980 --> 00:03:45.980]  这里就是城堡的入口
[00:03:45.980 --> 00:03:46.980]  这里就是城堡的入口
[00:03:46.980 --> 00:03:47.980]  这里就是城堡的入口
[00:03:47.980 --> 00:03:48.980]  这里就是城堡的入口
[00:03:48.980 --> 00:03:49.980]  这里就是城堡的入口
[00:03:49.980 --> 00:03:50.980]  这里就是城堡的入口
[00:03:50.980 --> 00:03:51.980]  这里就是城堡的入口
[00:03:51.980 --> 00:03:52.980]  这里就是城堡的入口
[00:03:52.980 --> 00:03:53.980]  这里就是城堡的入口
[00:03:53.980 --> 00:03:54.980]  这里就是城堡的入口
[00:03:54.980 --> 00:03:55.980]  这里就是城堡的入口
[00:03:55.980 --> 00:03:56.980]  这里就是城堡的入口
[00:03:56.980 --> 00:03:57.980]  这里就是城堡的入口
[00:03:57.980 --> 00:03:58.980]  这里就是城堡的入口
[00:03:58.980 --> 00:03:59.980]  这里就是城堡的入口
[00:03:59.980 --> 00:04:00.980]  这里就是城堡的入口
[00:04:00.980 --> 00:04:01.980]  这里就是城堡的入口
[00:04:01.980 --> 00:04:02.980]  这里就是城堡的入口
[00:04:02.980 --> 00:04:03.980]  这里就是城堡的入口
[00:04:03.980 --> 00:04:04.980]  这里就是城堡的入口
[00:04:04.980 --> 00:04:05.980]  这里就是城堡的入口
[00:04:05.980 --> 00:04:06.980]  这里就是城堡的入口
[00:04:06.980 --> 00:04:07.980]  这里就是城堡的入口
[00:04:07.980 --> 00:04:08.980]  这里就是城堡的入口
[00:04:08.980 --> 00:04:09.980]  这里就是城堡的入口
[00:04:09.980 --> 00:04:10.980]  这里就是城堡的入口
[00:04:10.980 --> 00:04:11.980]  这里就是城堡的入口
[00:04:11.980 --> 00:04:12.980]  这里就是城堡的入口
[00:04:12.980 --> 00:04:13.980]  这里就是城堡的入口
[00:04:13.980 --> 00:04:14.980]  这里就是城堡的入口
[00:04:14.980 --> 00:04:15.980]  这里就是城堡的入口
[00:04:15.980 --> 00:04:16.980]  这里就是城堡的入口
[00:04:16.980 --> 00:04:17.980]  这里就是城堡的入口
[00:04:17.980 --> 00:04:18.980]  这里就是城堡的入口
[00:04:18.980 --> 00:04:19.980]  这里就是城堡的入口
[00:04:19.980 --> 00:04:20.980]  这里就是城堡的入口
[00:04:20.980 --> 00:04:21.980]  这里就是城堡的入口
[00:04:21.980 --> 00:04:22.980]  这里就是城堡的入口
[00:04:22.980 --> 00:04:23.980]  这里就是城堡的入口
[00:04:23.980 --> 00:04:24.980]  这里就是城堡的入口
[00:04:24.980 --> 00:04:25.980]  这里就是城堡的入口
[00:04:25.980 --> 00:04:26.980]  这里就是城堡的入口
[00:04:26.980 --> 00:04:27.980]  这里就是城堡的入口
[00:04:27.980 --> 00:04:28.980]  这里就是城堡的入口
[00:04:28.980 --> 00:04:29.980]  这里就是城堡的入口
[00:04:29.980 --> 00:04:30.980]  这里就是城堡的入口
[00:04:30.980 --> 00:04:31.980]  这里就是城堡的入口
[00:04:31.980 --> 00:04:32.980]  这里就是城堡的入口
[00:04:32.980 --> 00:04:33.980]  这里就是城堡的入口
[00:04:33.980 --> 00:04:34.980]  这里就是城堡的入口
[00:04:34.980 --> 00:04:35.980]  这里就是城堡的入口
[00:04:35.980 --> 00:04:36.980]  这里就是城堡的入口
[00:04:36.980 --> 00:04:37.980]  这里就是城堡的入口
[00:04:37.980 --> 00:04:38.980]  这里就是城堡的入口
[00:04:38.980 --> 00:04:39.980]  这里就是城堡的入口
[00:04:39.980 --> 00:04:40.980]  这里就是城堡的入口
[00:04:40.980 --> 00:04:41.980]  这里就是城堡的入口
[00:04:41.980 --> 00:04:42.980]  这里就是城堡的入口
[00:04:42.980 --> 00:04:43.980]  这里就是城堡的入口
[00:04:43.980 --> 00:04:44.980]  这里就是城堡的入口
[00:04:44.980 --> 00:04:45.980]  这里就是城堡的入口
[00:04:45.980 --> 00:04:46.980]  这里就是城堡的入口
[00:04:46.980 --> 00:04:47.980]  这里就是城堡的入口
[00:04:47.980 --> 00:04:48.980]  这里就是城堡的入口
[00:04:48.980 --> 00:04:49.980]  这里就是城堡的入口
[00:04:49.980 --> 00:04:50.980]  这里就是城堡的入口
[00:04:50.980 --> 00:04:51.980]  这里就是城堡的入口
[00:04:51.980 --> 00:04:52.980]  这里就是城堡的入口
[00:04:52.980 --> 00:04:53.980]  这里就是城堡的入口
[00:04:53.980 --> 00:04:54.980]  这里就是城堡的入口
[00:04:54.980 --> 00:04:55.980]  这里就是城堡的入口
[00:04:55.980 --> 00:04:56.980]  这里就是城堡的入口
[00:04:56.980 --> 00:04:57.980]  这里就是城堡的入口
[00:04:57.980 --> 00:04:58.980]  这里就是城堡的入口
[00:04:58.980 --> 00:04:59.980]  这里就是城堡的入口
[00:04:59.980 --> 00:05:00.980]  这里就是城堡的入口
[00:05:00.980 --> 00:05:01.980]  这里就是城堡的入口
[00:05:01.980 --> 00:05:02.980]  这里就是城堡的入口
[00:05:02.980 --> 00:05:03.980]  这里就是城堡的入口
[00:05:03.980 --> 00:05:04.980]  这里就是城堡的入口
[00:05:04.980 --> 00:05:05.980]  这里就是城堡的入口
[00:05:05.980 --> 00:05:06.980]  这里就是城堡的入口
[00:05:06.980 --> 00:05:07.980]  这里就是城堡的入口
[00:05:07.980 --> 00:05:08.980]  这里就是城堡的入口
[00:05:08.980 --> 00:05:09.980]  这里就是城堡的入口
[00:05:09.980 --> 00:05:10.980]  这里就是城堡的入口
[00:05:10.980 --> 00:05:11.980]  这里就是城堡的入口
[00:05:11.980 --> 00:05:12.980]  这里就是城堡的入口
[00:05:12.980 --> 00:05:13.980]  这里就是城堡的入口
[00:05:13.980 --> 00:05:14.980]  这里就是城堡的入口
[00:05:14.980 --> 00:05:15.980]  这里就是城堡的入口
[00:05:15.980 --> 00:05:16.980]  这里就是城堡的入口
[00:05:16.980 --> 00:05:17.980]  这里就是城堡的入口
[00:05:17.980 --> 00:05:18.980]  这里就是城堡的入口
[00:05:18.980 --> 00:05:19.980]  这里就是城堡的入口
[00:05:19.980 --> 00:05:20.980]  这里就是城堡的入口
[00:05:20.980 --> 00:05:21.980]  这里就是城堡的入口
[00:05:21.980 --> 00:05:22.980]  这里就是城堡的入口
[00:05:22.980 --> 00:05:23.980]  这里就是城堡的入口
[00:05:23.980 --> 00:05:24.980]  这里就是城堡的入口
[00:05:24.980 --> 00:05:25.980]  这里就是城堡的入口
[00:05:25.980 --> 00:05:26.980]  这里就是城堡的入口
[00:05:26.980 --> 00:05:27.980]  这里就是城堡的入口
[00:05:27.980 --> 00:05:28.980]  这里就是城堡的入口
[00:05:28.980 --> 00:05:29.980]  这里就是城堡的入口
[00:05:29.980 --> 00:05:30.980]  这里就是城堡的入口
[00:05:30.980 --> 00:05:31.980]  这里就是城堡的入口
[00:05:31.980 --> 00:05:32.980]  这里就是城堡的入口
[00:05:32.980 --> 00:05:33.980]  这里就是城堡的入口
[00:05:33.980 --> 00:05:34.980]  这里就是城堡的入口
[00:05:34.980 --> 00:05:35.980]  这里就是城堡的入口
[00:05:35.980 --> 00:05:36.980]  这里就是城堡的入口
[00:05:36.980 --> 00:05:37.980]  这里就是城堡的入口
[00:05:37.980 --> 00:05:38.980]  这里就是城堡的入口
[00:05:38.980 --> 00:05:39.980]  这里就是城堡的入口
[00:05:39.980 --> 00:05:40.980]  这里就是城堡的入口
[00:05:40.980 --> 00:05:41.980]  这里就是城堡的入口
[00:05:41.980 --> 00:05:42.980]  这里就是城堡的入口
[00:05:42.980 --> 00:05:43.980]  这里就是城堡的入口
[00:05:43.980 --> 00:05:44.980]  这里就是城堡的入口
[00:05:44.980 --> 00:05:45.980]  这里就是城堡的入口
[00:05:45.980 --> 00:05:46.980]  这里就是城堡的入口
[00:05:46.980 --> 00:05:47.980]  这里就是城堡的入口
[00:05:47.980 --> 00:05:48.980]  这里就是城堡的入口
[00:05:48.980 --> 00:05:49.980]  这里就是城堡的入口
[00:05:49.980 --> 00:05:50.980]  这里就是城堡的入口
[00:05:50.980 --> 00:05:51.980]  这里就是城堡的入口
[00:05:51.980 --> 00:05:52.980]  这里就是城堡的入口
[00:05:52.980 --> 00:05:53.980]  这里就是城堡的入口
[00:05:53.980 --> 00:05:54.980]  这里就是城堡的入口
[00:05:54.980 --> 00:05:55.980]  这里就是城堡的入口
[00:05:55.980 --> 00:05:56.980]  这里就是城堡的入口
[00:05:56.980 --> 00:05:57.980]  这里就是城堡的入口
[00:05:57.980 --> 00:05:58.980]  这里就是城堡的入口
[00:05:58.980 --> 00:05:59.980]  这里就是城堡的入口
[00:05:59.980 --> 00:06:00.980]  这里就是城堡的入口
[00:06:00.980 --> 00:06:01.980]  这里就是城堡的入口
[00:06:01.980 --> 00:06:02.980]  这里就是城堡的入口
[00:06:02.980 --> 00:06:03.980]  这里就是城堡的入口
[00:06:03.980 --> 00:06:04.980]  这里就是城堡的入口
[00:06:04.980 --> 00:06:05.980]  这里就是城堡的入口
[00:06:05.980 --> 00:06:06.980]  这里就是城堡的入口
[00:06:06.980 --> 00:06:07.980]  这里就是城堡的入口
[00:06:07.980 --> 00:06:08.980]  这里就是城堡的入口
[00:06:08.980 --> 00:06:09.980]  这里就是城堡的入口
[00:06:09.980 --> 00:06:10.980]  这里就是城堡的入口
[00:06:10.980 --> 00:06:11.980]  这里就是城堡的入口
[00:06:11.980 --> 00:06:12.980]  这里就是城堡的入口
[00:06:12.980 --> 00:06:13.980]  这里就是城堡的入口
[00:06:13.980 --> 00:06:14.980]  这里就是城堡的入口
[00:06:14.980 --> 00:06:15.980]  这里就是城堡的入口
[00:06:15.980 --> 00:06:16.980]  这里就是城堡的入口
[00:06:16.980 --> 00:06:17.980]  这里就是城堡的入口
[00:06:17.980 --> 00:06:18.980]  这里就是城堡的入口
[00:06:18.980 --> 00:06:19.980]  这里就是城堡的入口
[00:06:19.980 --> 00:06:20.980]  这里就是城堡的入口
[00:06:20.980 --> 00:06:21.980]  这里就是城堡的入口
[00:06:21.980 --> 00:06:22.980]  这里就是城堡的入口
[00:06:22.980 --> 00:06:23.980]  这里就是城堡的入口
[00:06:23.980 --> 00:06:24.980]  这里就是城堡的入口
[00:06:24.980 --> 00:06:25.980]  这里就是城堡的入口
[00:06:25.980 --> 00:06:26.980]  这里就是城堡的入口
[00:06:26.980 --> 00:06:27.980]  这里就是城堡的入口
[00:06:27.980 --> 00:06:28.980]  这里就是城堡的入口
[00:06:28.980 --> 00:06:29.980]  这里就是城堡的入口
[00:06:29.980 --> 00:06:30.980]  这里就是城堡的入口
[00:06:30.980 --> 00:06:31.980]  这里就是城堡的入口
[00:06:31.980 --> 00:06:32.980]  这里就是城堡的入口
[00:06:32.980 --> 00:06:33.980]  这里就是城堡的入口
[00:06:33.980 --> 00:06:34.980]  这里就是城堡的入口
[00:06:34.980 --> 00:06:35.980]  这里就是城堡的入口
[00:06:35.980 --> 00:06:36.980]  这里就是城堡的入口
[00:06:36.980 --> 00:06:37.980]  这里就是城堡的入口
[00:06:37.980 --> 00:06:38.980]  这里就是城堡的入口
[00:06:38.980 --> 00:06:39.980]  这里就是城堡的入口
[00:06:39.980 --> 00:06:40.980]  这里就是城堡的入口
[00:06:40.980 --> 00:06:41.980]  这里就是城堡的入口
[00:06:41.980 --> 00:06:42.980]  这里就是城堡的入口
[00:06:42.980 --> 00:06:43.980]  这里就是城堡的入口
[00:06:43.980 --> 00:06:44.980]  这里就是城堡的入口
[00:06:44.980 --> 00:06:45.980]  这里就是城堡的入口
[00:06:45.980 --> 00:06:46.980]  这里就是城堡的入口
[00:06:46.980 --> 00:06:47.980]  这里就是城堡的入口
[00:06:47.980 --> 00:06:48.980]  这里就是城堡的入口
[00:06:48.980 --> 00:06:49.980]  这里就是城堡的入口
[00:06:49.980 --> 00:06:50.980]  这里就是城堡的入口
[00:06:50.980 --> 00:06:51.980]  这里就是城堡的入口
[00:06:51.980 --> 00:06:52.980]  这里就是城堡的入口
[00:06:52.980 --> 00:06:53.980]  这里就是城堡的入口
[00:06:53.980 --> 00:06:54.980]  这里就是城堡的入口
[00:06:54.980 --> 00:06:55.980]  这里就是城堡的入口
[00:06:55.980 --> 00:06:56.980]  这里就是城堡的入口
[00:06:56.980 --> 00:06:57.980]  这里就是城堡的入口
[00:06:57.980 --> 00:06:58.980]  这里就是城堡的入口
[00:06:58.980 --> 00:06:59.980]  这里就是城堡的入口
[00:06:59.980 --> 00:07:00.980]  这里就是城堡的入口
[00:07:00.980 --> 00:07:01.980]  这里就是城堡的入口
[00:07:01.980 --> 00:07:02.980]  这里就是城堡的入口
[00:07:02.980 --> 00:07:03.980]  这里就是城堡的入口
[00:07:03.980 --> 00:07:04.980]  这里就是城堡的入口
[00:07:04.980 --> 00:07:05.980]  这里就是城堡的入口
[00:07:05.980 --> 00:07:06.980]  这里就是城堡的入口
[00:07:06.980 --> 00:07:07.980]  这里就是城堡的入口
[00:07:07.980 --> 00:07:08.980]  这里就是城堡的入口
[00:07:08.980 --> 00:07:09.980]  这里就是城堡的入口
[00:07:09.980 --> 00:07:10.980]  这里就是城堡的入口
[00:07:10.980 --> 00:07:11.980]  这里就是城堡的入口
[00:07:11.980 --> 00:07:12.980]  这里就是城堡的入口
[00:07:12.980 --> 00:07:13.980]  这里就是城堡的入口
[00:07:13.980 --> 00:07:14.980]  这里就是城堡的入口
[00:07:14.980 --> 00:07:15.980]  这里就是城堡的入口
[00:07:15.980 --> 00:07:16.980]  这里就是城堡的入口
[00:07:16.980 --> 00:07:17.980]  这里就是城堡的入口
[00:07:17.980 --> 00:07:18.980]  这里就是城堡的入口
[00:07:18.980 --> 00:07:19.980]  这里就是城堡的入口
[00:07:19.980 --> 00:07:20.980]  这里就是城堡的入口
[00:07:20.980 --> 00:07:21.980]  这里就是城堡的入口
[00:07:21.980 --> 00:07:22.980]  这里就是城堡的入口
[00:07:22.980 --> 00:07:23.980]  这里就是城堡的入口
[00:07:23.980 --> 00:07:24.980]  这里就是城堡的入口
[00:07:24.980 --> 00:07:25.980]  这里就是城堡的入口
[00:07:25.980 --> 00:07:26.980]  这里就是城堡的入口
[00:07:26.980 --> 00:07:27.980]  这里就是城堡的入口
[00:07:27.980 --> 00:07:28.980]  这里就是城堡的入口
[00:07:28.980 --> 00:07:29.980]  这里就是城堡的入口
[00:07:29.980 --> 00:07:30.980]  这里就是城堡的入口
[00:07:30.980 --> 00:07:31.980]  这里就是城堡的入口
[00:07:31.980 --> 00:07:32.980]  这里就是城堡的入口
[00:07:32.980 --> 00:07:33.980]  这里就是城堡的入口
[00:07:33.980 --> 00:07:34.980]  这里就是城堡的入口
[00:07:34.980 --> 00:07:35.980]  这里就是城堡的入口
[00:07:35.980 --> 00:07:36.980]  这里就是城堡的入口
[00:07:36.980 --> 00:07:37.980]  这里就是城堡的入口
[00:07:37.980 --> 00:07:38.980]  这里就是城堡的入口
[00:07:38.980 --> 00:07:39.980]  这里就是城堡的入口
[00:07:39.980 --> 00:07:40.980]  这里就是城堡的入口
[00:07:40.980 --> 00:07:41.980]  这里就是城堡的入口
[00:07:41.980 --> 00:07:42.980]  这里就是城堡的入口
[00:07:42.980 --> 00:07:43.980]  这里就是城堡的入口
[00:07:43.980 --> 00:07:44.980]  这里就是城堡的入口
[00:07:44.980 --> 00:07:45.980]  这里就是城堡的入口
[00:07:45.980 --> 00:07:46.980]  这里就是城堡的入口
[00:07:46.980 --> 00:07:47.980]  这里就是城堡的入口
[00:07:47.980 --> 00:07:48.980]  这里就是城堡的入口
[00:07:48.980 --> 00:07:49.980]  这里就是城堡的入口
[00:07:49.980 --> 00:07:50.980]  这里就是城堡的入口
[00:07:50.980 --> 00:07:51.980]  这里就是城堡的入口
[00:07:51.980 --> 00:07:52.980]  这里就是城堡的入口
[00:07:52.980 --> 00:07:53.980]  这里就是城堡的入口
[00:07:53.980 --> 00:07:54.980]  这里就是城堡的入口
[00:07:54.980 --> 00:07:55.980]  这里就是城堡的入口
[00:07:55.980 --> 00:07:56.980]  这里就是城堡的入口
[00:07:56.980 --> 00:07:57.980]  这里就是城堡的入口
[00:07:57.980 --> 00:07:58.980]  这里就是城堡的入口
[00:07:58.980 --> 00:07:59.980]  这里就是城堡的入口
[00:07:59.980 --> 00:08:00.980]  这里就是城堡的入口
[00:08:00.980 --> 00:08:01.980]  这里就是城堡的入口
[00:08:01.980 --> 00:08:02.980]  这里就是城堡的入口
[00:08:02.980 --> 00:08:03.980]  这里就是城堡的入口
[00:08:03.980 --> 00:08:04.980]  这里就是城堡的入口
[00:08:04.980 --> 00:08:05.980]  这里就是城堡的入口
[00:08:05.980 --> 00:08:06.980]  这里就是城堡的入口
[00:08:06.980 --> 00:08:07.980]  这里就是城堡的入口
[00:08:07.980 --> 00:08:08.980]  这里就是城堡的入口
[00:08:08.980 --> 00:08:09.980]  这里就是城堡的入口
[00:08:09.980 --> 00:08:10.980]  这里就是城堡的入口
[00:08:10.980 --> 00:08:11.980]  这里就是城堡的入口
[00:08:11.980 --> 00:08:12.980]  这里就是城堡的入口
[00:08:12.980 --> 00:08:13.980]  这里就是城堡的入口
[00:08:13.980 --> 00:08:14.980]  这里就是城堡的入口
[00:08:14.980 --> 00:08:15.980]  这里就是城堡的入口
[00:08:15.980 --> 00:08:16.980]  这里就是城堡的入口
[00:08:16.980 --> 00:08:17.980]  这里就是城堡的入口
[00:08:17.980 --> 00:08:18.980]  这里就是城堡的入口
[00:08:18.980 --> 00:08:19.980]  这里就是城堡的入口
[00:08:19.980 --> 00:08:20.980]  这里就是城堡的入口
[00:08:20.980 --> 00:08:21.980]  这里就是城堡的入口
[00:08:21.980 --> 00:08:22.980]  这里就是城堡的入口
[00:08:22.980 --> 00:08:23.980]  这里就是城堡的入口
[00:08:23.980 --> 00:08:24.980]  这里就是城堡的入口
[00:08:24.980 --> 00:08:25.980]  这里就是城堡的入口
[00:08:25.980 --> 00:08:26.980]  这里就是城堡的入口
[00:08:26.980 --> 00:08:27.980]  这里就是城堡的入口
[00:08:27.980 --> 00:08:28.980]  这里就是城堡的入口
[00:08:28.980 --> 00:08:29.980]  这里就是城堡的入口
[00:08:29.980 --> 00:08:30.980]  这里就是城堡的入口
[00:08:30.980 --> 00:08:31.980]  这里就是城堡的入口
[00:08:31.980 --> 00:08:32.980]  这里就是城堡的入口
[00:08:32.980 --> 00:08:33.980]  这里就是城堡的入口
[00:08:33.980 --> 00:08:34.980]  这里就是城堡的入口
[00:08:34.980 --> 00:08:35.980]  这里就是城堡的入口
[00:08:35.980 --> 00:08:36.980]  这里就是城堡的入口
[00:08:36.980 --> 00:08:37.980]  这里就是城堡的入口
[00:08:37.980 --> 00:08:38.980]  这里就是城堡的入口
[00:08:38.980 --> 00:08:39.980]  这里就是城堡的入口
[00:08:39.980 --> 00:08:40.980]  这里就是城堡的入口
[00:08:40.980 --> 00:08:41.980]  这里就是城堡的入口
[00:08:41.980 --> 00:08:42.980]  这里就是城堡的入口
[00:08:42.980 --> 00:08:43.980]  这里就是城堡的入口
[00:08:43.980 --> 00:08:44.980]  这里就是城堡的入口
[00:08:44.980 --> 00:08:45.980]  这里就是城堡的入口
[00:08:45.980 --> 00:08:46.980]  这里就是城堡的入口
[00:08:46.980 --> 00:08:47.980]  这里就是城堡的入口
[00:08:47.980 --> 00:08:48.980]  这里就是城堡的入口
[00:08:48.980 --> 00:08:49.980]  这里就是城堡的入口
[00:08:49.980 --> 00:08:50.980]  这里就是城堡的入口
[00:08:50.980 --> 00:08:51.980]  这里就是城堡的入口
[00:08:51.980 --> 00:08:52.980]  这里就是城堡的入口
[00:08:52.980 --> 00:08:53.980]  这里就是城堡的入口
[00:08:53.980 --> 00:08:54.980]  这里就是城堡的入口
[00:08:54.980 --> 00:08:55.980]  这里就是城堡的入口
[00:08:55.980 --> 00:08:56.980]  这里就是城堡的入口
[00:08:56.980 --> 00:08:57.980]  这里就是城堡的入口
[00:08:57.980 --> 00:08:58.980]  这里就是城堡的入口
[00:08:58.980 --> 00:08:59.980]  这里就是城堡的入口
[00:08:59.980 --> 00:09:00.980]  这里就是城堡的入口
[00:09:00.980 --> 00:09:01.980]  这里就是城堡的入口
[00:09:01.980 --> 00:09:02.980]  这里就是城堡的入口
[00:09:02.980 --> 00:09:03.980]  这里就是城堡的入口
[00:09:03.980 --> 00:09:04.980]  这里就是城堡的入口
[00:09:04.980 --> 00:09:05.980]  这里就是城堡的入口
[00:09:05.980 --> 00:09:06.980]  这里就是城堡的入口
[00:09:06.980 --> 00:09:07.980]  这里就是城堡的入口
[00:09:07.980 --> 00:09:08.980]  这里就是城堡的入口
[00:09:08.980 --> 00:09:09.980]  这里就是城堡的入口
[00:09:09.980 --> 00:09:10.980]  这里就是城堡的入口
[00:09:10.980 --> 00:09:11.980]  这里就是城堡的入口
[00:09:11.980 --> 00:09:12.980]  这里就是城堡的入口
[00:09:12.980 --> 00:09:13.980]  这里就是城堡的入口
[00:09:13.980 --> 00:09:14.980]  这里就是城堡的入口
[00:09:14.980 --> 00:09:15.980]  这里就是城堡的入口
[00:09:15.980 --> 00:09:16.980]  这里就是城堡的入口
[00:09:16.980 --> 00:09:17.980]  这里就是城堡的入口
[00:09:17.980 --> 00:09:18.980]  这里就是城堡的入口
[00:09:18.980 --> 00:09:19.980]  这里就是城堡的入口
[00:09:19.980 --> 00:09:20.980]  这里就是城堡的入口
[00:09:20.980 --> 00:09:21.980]  这里就是城堡的入口
[00:09:21.980 --> 00:09:22.980]  这里就是城堡的入口
[00:09:22.980 --> 00:09:23.980]  这里就是城堡的入口
[00:09:23.980 --> 00:09:24.980]  这里就是城堡的入口
[00:09:24.980 --> 00:09:25.980]  这里就是城堡的入口
[00:09:25.980 --> 00:09:26.980]  这里就是城堡的入口
[00:09:26.980 --> 00:09:27.980]  这里就是城堡的入口
[00:09:27.980 --> 00:09:28.980]  这里就是城堡的入口
[00:09:28.980 --> 00:09:29.980]  这里就是城堡的入口
[00:09:29.980 --> 00:09:30.980]  这里就是城堡的入口
[00:09:30.980 --> 00:09:31.980]  这里就是城堡的入口
[00:09:31.980 --> 00:09:32.980]  这里就是城堡的入口
[00:09:32.980 --> 00:09:33.980]  这里就是城堡的入口
[00:09:33.980 --> 00:09:34.980]  这里就是城堡的入口
[00:09:34.980 --> 00:09:35.980]  这里就是城堡的入口
[00:09:35.980 --> 00:09:36.980]  这里就是城堡的入口
[00:09:36.980 --> 00:09:37.980]  这里就是城堡的入口
[00:09:37.980 --> 00:09:38.980]  这里就是城堡的入口
[00:09:38.980 --> 00:09:39.980]  这里就是城堡的入口
[00:09:39.980 --> 00:09:40.980]  这里就是城堡的入口
[00:09:40.980 --> 00:09:41.980]  这里就是城堡的入口
[00:09:41.980 --> 00:09:42.980]  这里就是城堡的入口
[00:09:42.980 --> 00:09:43.980]  这里就是城堡的入口
[00:09:43.980 --> 00:09:44.980]  这里就是城堡的入口
[00:09:44.980 --> 00:09:45.980]  这里就是城堡的入口
[00:09:45.980 --> 00:09:46.980]  这里就是城堡的入口
[00:09:46.980 --> 00:09:47.980]  这里就是城堡的入口
[00:09:47.980 --> 00:09:48.980]  这里就是城堡的入口
[00:09:48.980 --> 00:09:49.980]  这里就是城堡的入口
[00:09:49.980 --> 00:09:50.980]  这里就是城堡的入口
[00:09:50.980 --> 00:09:51.980]  这里就是城堡的入口
[00:09:51.980 --> 00:09:52.980]  这里就是城堡的入口
[00:09:52.980 --> 00:09:53.980]  这里就是城堡的入口
[00:09:53.980 --> 00:09:54.980]  这里就是城堡的入口
[00:09:54.980 --> 00:09:55.980]  这里就是城堡的入口
[00:09:55.980 --> 00:09:56.980]  这里就是城堡的入口
[00:09:56.980 --> 00:09:57.980]  这里就是城堡的入口
[00:09:57.980 --> 00:09:58.980]  这里就是城堡的入口
[00:09:58.980 --> 00:09:59.980]  这里就是城堡的入口
[00:09:59.980 --> 00:10:00.980]  这里就是城堡的入口
[00:10:00.980 --> 00:10:01.980]  这里就是城堡的入口
[00:10:01.980 --> 00:10:02.980]  这里就是城堡的入口
[00:10:02.980 --> 00:10:03.980]  这里就是城堡的入口
[00:10:03.980 --> 00:10:04.980]  这里就是城堡的入口
[00:10:04.980 --> 00:10:05.980]  这里就是城堡的入口
[00:10:05.980 --> 00:10:06.980]  这里就是城堡的入口
[00:10:06.980 --> 00:10:07.980]  这里就是城堡的入口
[00:10:07.980 --> 00:10:08.980]  这里就是城堡的入口
[00:10:08.980 --> 00:10:09.980]  这里就是城堡的入口
[00:10:09.980 --> 00:10:10.980]  这里就是城堡的入口
[00:10:10.980 --> 00:10:11.980]  这里就是城堡的入口
[00:10:11.980 --> 00:10:12.980]  这里就是城堡的入口
[00:10:12.980 --> 00:10:13.980]  这里就是城堡的入口
[00:10:13.980 --> 00:10:14.980]  这里就是城堡的入口
[00:10:14.980 --> 00:10:15.980]  这里就是城堡的入口
[00:10:15.980 --> 00:10:16.980]  这里就是城堡的入口
[00:10:16.980 --> 00:10:17.980]  这里就是城堡的入口
[00:10:17.980 --> 00:10:18.980]  这里就是城堡的入口
[00:10:18.980 --> 00:10:19.980]  这里就是城堡的入口
[00:10:19.980 --> 00:10:20.980]  这里就是城堡的入口
[00:10:20.980 --> 00:10:21.980]  这里就是城堡的入口
[00:10:21.980 --> 00:10:22.980]  这里就是城堡的入口
[00:10:22.980 --> 00:10:23.980]  这里就是城堡的入口
[00:10:23.980 --> 00:10:24.980]  这里就是城堡的入口
[00:10:24.980 --> 00:10:25.980]  这里就是城堡的入口
[00:10:25.980 --> 00:10:26.980]  这里就是城堡的入口
[00:10:26.980 --> 00:10:27.980]  这里就是城堡的入口
[00:10:27.980 --> 00:10:28.980]  这里就是城堡的入口
[00:10:28.980 --> 00:10:29.980]  这里就是城堡的入口
[00:10:29.980 --> 00:10:30.980]  这里就是城堡的入口
[00:10:30.980 --> 00:10:31.980]  这里就是城堡的入口
[00:10:31.980 --> 00:10:32.980]  这里就是城堡的入口
[00:10:32.980 --> 00:10:33.980]  这里就是城堡的入口
[00:10:33.980 --> 00:10:34.980]  这里就是城堡的入口
[00:10:34.980 --> 00:10:35.980]  这里就是城堡的入口
[00:10:35.980 --> 00:10:36.980]  这里就是城堡的入口
[00:10:36.980 --> 00:10:37.980]  这里就是城堡的入口
[00:10:37.980 --> 00:10:38.980]  这里就是城堡的入口
[00:10:38.980 --> 00:10:39.980]  这里就是城堡的入口
[00:10:39.980 --> 00:10:40.980]  这里就是城堡的入口
[00:10:40.980 --> 00:10:41.980]  这里就是城堡的入口
[00:10:41.980 --> 00:10:42.980]  这里就是城堡的入口
[00:10:42.980 --> 00:10:43.980]  这里就是城堡的入口
[00:10:43.980 --> 00:10:44.980]  这里就是城堡的入口
[00:10:44.980 --> 00:10:45.980]  这里就是城堡的入口
[00:10:45.980 --> 00:10:46.980]  这里就是城堡的入口
[00:10:46.980 --> 00:10:47.980]  这里就是城堡的入口
[00:10:47.980 --> 00:10:48.980]  这里就是城堡的入口
[00:10:48.980 --> 00:10:49.980]  这里就是城堡的入口
[00:10:49.980 --> 00:10:50.980]  这里就是城堡的入口
[00:10:50.980 --> 00:10:51.980]  这里就是城堡的入口
[00:10:51.980 --> 00:10:52.980]  这里就是城堡的入口
[00:10:52.980 --> 00:10:53.980]  这里就是城堡的入口
[00:10:53.980 --> 00:10:54.980]  这里就是城堡的入口
[00:10:54.980 --> 00:10:55.980]  这里就是城堡的入口
[00:10:55.980 --> 00:10:56.980]  这里就是城堡的入口
[00:10:56.980 --> 00:10:57.980]  这里就是城堡的入口
[00:10:57.980 --> 00:10:58.980]  这里就是城堡的入口
[00:10:58.980 --> 00:10:59.980]  这里就是城堡的入口
[00:10:59.980 --> 00:11:00.980]  这里就是城堡的入口
[00:11:00.980 --> 00:11:01.980]  这里就是城堡的入口
[00:11:01.980 --> 00:11:02.980]  这里就是城堡的入口
[00:11:02.980 --> 00:11:03.980]  这里就是城堡的入口
[00:11:03.980 --> 00:11:04.980]  这里就是城堡的入口
[00:11:04.980 --> 00:11:05.980]  这里就是城堡的入口
[00:11:05.980 --> 00:11:06.980]  这里就是城堡的入口
[00:11:06.980 --> 00:11:07.980]  这里就是城堡的入口
[00:11:07.980 --> 00:11:08.980]  这里就是城堡的入口
[00:11:08.980 --> 00:11:09.980]  这里就是城堡的入口
[00:11:09.980 --> 00:11:10.980]  这里就是城堡的入口
[00:11:10.980 --> 00:11:11.980]  这里就是城堡的入口
[00:11:11.980 --> 00:11:12.980]  这里就是城堡的入口
[00:11:12.980 --> 00:11:13.980]  这里就是城堡的入口
[00:11:13.980 --> 00:11:14.980]  这里就是城堡的入口
[00:11:14.980 --> 00:11:15.980]  这里就是城堡的入口
[00:11:15.980 --> 00:11:16.980]  这里就是城堡的入口
[00:11:16.980 --> 00:11:17.980]  这里就是城堡的入口
[00:11:17.980 --> 00:11:18.980]  这里就是城堡的入口
[00:11:18.980 --> 00:11:19.980]  这里就是城堡的入口
[00:11:19.980 --> 00:11:20.980]  这里就是城堡的入口
[00:11:20.980 --> 00:11:21.980]  这里就是城堡的入口
[00:11:21.980 --> 00:11:22.980]  这里就是城堡的入口
[00:11:22.980 --> 00:11:23.980]  这里就是城堡的入口
[00:11:23.980 --> 00:11:24.980]  这里就是城堡的入口
[00:11:24.980 --> 00:11:25.980]  这里就是城堡的入口
[00:11:25.980 --> 00:11:26.980]  这里就是城堡的入口
[00:11:26.980 --> 00:11:27.980]  这里就是城堡的入口
[00:11:27.980 --> 00:11:28.980]  这里就是城堡的入口
[00:11:28.980 --> 00:11:29.980]  这里就是城堡的入口
[00:11:29.980 --> 00:11:30.980]  这里就是城堡的入口
[00:11:30.980 --> 00:11:31.980]  这里就是城堡的入口
[00:11:31.980 --> 00:11:32.980]  这里就是城堡的入口
[00:11:32.980 --> 00:11:33.980]  这里就是城堡的入口
[00:11:33.980 --> 00:11:34.980]  这里就是城堡的入口
[00:11:34.980 --> 00:11:35.980]  这里就是城堡的入口
[00:11:35.980 --> 00:11:36.980]  这里就是城堡的入口
[00:11:36.980 --> 00:11:37.980]  这里就是城堡的入口
[00:11:37.980 --> 00:11:38.980]  这里就是城堡的入口
[00:11:38.980 --> 00:11:39.980]  这里就是城堡的入口
[00:11:39.980 --> 00:11:40.980]  这里就是城堡的入口
[00:11:40.980 --> 00:11:41.980]  这里就是城堡的入口
[00:11:41.980 --> 00:11:42.980]  这里就是城堡的入口
[00:11:42.980 --> 00:11:43.980]  这里就是城堡的入口
[00:11:43.980 --> 00:11:44.980]  这里就是城堡的入口
[00:11:44.980 --> 00:11:45.980]  这里就是城堡的入口
[00:11:45.980 --> 00:11:46.980]  这里就是城堡的入口
[00:11:46.980 --> 00:11:47.980]  这里就是城堡的入口
[00:11:47.980 --> 00:11:48.980]  这里就是城堡的入口
[00:11:48.980 --> 00:11:49.980]  这里就是城堡的入口
[00:11:49.980 --> 00:11:50.980]  这里就是城堡的入口
[00:11:50.980 --> 00:11:51.980]  这里就是城堡的入口
[00:11:51.980 --> 00:11:52.980]  这里就是城堡的入口
[00:11:52.980 --> 00:11:53.980]  这里就是城堡的入口
[00:11:53.980 --> 00:11:54.980]  这里就是城堡的入口
[00:11:54.980 --> 00:11:55.980]  这里就是城堡的入口
[00:11:55.980 --> 00:11:56.980]  这里就是城堡的入口
[00:11:56.980 --> 00:11:57.980]  这里就是城堡的入口
[00:11:57.980 --> 00:11:58.980]  这里就是城堡的入口
[00:11:58.980 --> 00:11:59.980]  这里就是城堡的入口
[00:11:59.980 --> 00:12:00.980]  这里就是城堡的入口
[00:12:00.980 --> 00:12:01.980]  这里就是城堡的入口
[00:12:01.980 --> 00:12:02.980]  这里就是城堡的入口
[00:12:02.980 --> 00:12:03.980]  这里就是城堡的入口
[00:12:03.980 --> 00:12:04.980]  这里就是城堡的入口
[00:12:04.980 --> 00:12:05.980]  这里就是城堡的入口
[00:12:05.980 --> 00:12:06.980]  这里就是城堡的入口
[00:12:06.980 --> 00:12:07.980]  这里就是城堡的入口
[00:12:07.980 --> 00:12:08.980]  这里就是城堡的入口
[00:12:08.980 --> 00:12:09.980]  这里就是城堡的入口
[00:12:09.980 --> 00:12:10.980]  这里就是城堡的入口
[00:12:10.980 --> 00:12:11.980]  这里就是城堡的入口
[00:12:11.980 --> 00:12:12.980]  这里就是城堡的入口
[00:12:12.980 --> 00:12:13.980]  这里就是城堡的入口
[00:12:13.980 --> 00:12:14.980]  这里就是城堡的入口
[00:12:14.980 --> 00:12:15.980]  这里就是城堡的入口
[00:12:15.980 --> 00:12:16.980]  这里就是城堡的入口
[00:12:16.980 --> 00:12:17.980]  这里就是城堡的入口
[00:12:17.980 --> 00:12:18.980]  这里就是城堡的入口
[00:12:18.980 --> 00:12:19.980]  这里就是城堡的入口
[00:12:19.980 --> 00:12:20.980]  这里就是城堡的入口
[00:12:20.980 --> 00:12:21.980]  这里就是城堡的入口
[00:12:21.980 --> 00:12:22.980]  这里就是城堡的入口
[00:12:22.980 --> 00:12:23.980]  这里就是城堡的入口
[00:12:23.980 --> 00:12:24.980]  这里就是城堡的入口
[00:12:24.980 --> 00:12:25.980]  这里就是城堡的入口
[00:12:25.980 --> 00:12:26.980]  这里就是城堡的入口
[00:12:26.980 --> 00:12:27.980]  这里就是城堡的入口
[00:12:27.980 --> 00:12:28.980]  这里就是城堡的入口
[00:12:28.980 --> 00:12:29.980]  这里就是城堡的入口
[00:12:29.980 --> 00:12:30.980]  这里就是城堡的入口
[00:12:30.980 --> 00:12:31.980]  这里就是城堡的入口
[00:12:31.980 --> 00:12:32.980]  这里就是城堡的入口
[00:12:32.980 --> 00:12:33.980]  这里就是城堡的入口
[00:12:33.980 --> 00:12:34.980]  这里就是城堡的入口
[00:12:34.980 --> 00:12:35.980]  这里就是城堡的入口
[00:12:35.980 --> 00:12:36.980]  这里就是城堡的入口
[00:12:36.980 --> 00:12:37.980]  这里就是城堡的入口
[00:12:37.980 --> 00:12:38.980]  这里就是城堡的入口
[00:12:38.980 --> 00:12:39.980]  这里就是城堡的入口
[00:12:39.980 --> 00:12:40.980]  这里就是城堡的入口
[00:12:40.980 --> 00:12:41.980]  这里就是城堡的入口
[00:12:41.980 --> 00:12:42.980]  这里就是城堡的入口
[00:12:42.980 --> 00:12:43.980]  这里就是城堡的入口
[00:12:43.980 --> 00:12:44.980]  这里就是城堡的入口
[00:12:44.980 --> 00:12:45.980]  这里就是城堡的入口
[00:12:45.980 --> 00:12:46.980]  这里就是城堡的入口
[00:12:46.980 --> 00:12:47.980]  这里就是城堡的入口
[00:12:47.980 --> 00:12:48.980]  这里就是城堡的入口
[00:12:48.980 --> 00:12:49.980]  这里就是城堡的入口
[00:12:49.980 --> 00:12:50.980]  这里就是城堡的入口
[00:12:50.980 --> 00:12:51.980]  这里就是城堡的入口
[00:12:51.980 --> 00:12:52.980]  这里就是城堡的入口
[00:12:52.980 --> 00:12:53.980]  这里就是城堡的入口
[00:12:53.980 --> 00:12:54.980]  这里就是城堡的入口
[00:12:54.980 --> 00:12:55.980]  这里就是城堡的入口
[00:12:55.980 --> 00:12:56.980]  这里就是城堡的入口
[00:12:56.980 --> 00:12:57.980]  这里就是城堡的入口
[00:12:57.980 --> 00:12:58.980]  这里就是城堡的入口
[00:12:58.980 --> 00:12:59.980]  这里就是城堡的入口
[00:12:59.980 --> 00:13:00.980]  这里就是城堡的入口
[00:13:00.980 --> 00:13:01.980]  这里就是城堡的入口
[00:13:01.980 --> 00:13:02.980]  这里就是城堡的入口
[00:13:02.980 --> 00:13:03.980]  这里就是城堡的入口
[00:13:03.980 --> 00:13:04.980]  这里就是城堡的入口
[00:13:04.980 --> 00:13:05.980]  这里就是城堡的入口
[00:13:05.980 --> 00:13:06.980]  这里就是城堡的入口
[00:13:06.980 --> 00:13:07.980]  这里就是城堡的入口
[00:13:07.980 --> 00:13:08.980]  这里就是城堡的入口
[00:13:08.980 --> 00:13:09.980]  这里就是城堡的入口
[00:13:09.980 --> 00:13:10.980]  这里就是城堡的入口
[00:13:10.980 --> 00:13:11.980]  这里就是城堡的入口
[00:13:11.980 --> 00:13:12.980]  这里就是城堡的入口
[00:13:12.980 --> 00:13:13.980]  这里就是城堡的入口
[00:13:13.980 --> 00:13:14.980]  这里就是城堡的入口
[00:13:14.980 --> 00:13:15.980]  这里就是城堡的入口
[00:13:15.980 --> 00:13:16.980]  这里就是城堡的入口
[00:13:16.980 --> 00:13:17.980]  这里就是城堡的入口
[00:13:17.980 --> 00:13:18.980]  这里就是城堡的入口
[00:13:18.980 --> 00:13:19.980]  这里就是城堡的入口
[00:13:19.980 --> 00:13:20.980]  这里就是城堡的入口
[00:13:20.980 --> 00:13:21.980]  这里就是城堡的入口
[00:13:21.980 --> 00:13:22.980]  这里就是城堡的入口
[00:13:22.980 --> 00:13:23.980]  这里就是城堡的入口
[00:13:23.980 --> 00:13:24.980]  这里就是城堡的入口
[00:13:24.980 --> 00:13:25.980]  这里就是城堡的入口
[00:13:25.980 --> 00:13:26.980]  这里就是城堡的入口
[00:13:26.980 --> 00:13:27.980]  这里就是城堡的入口
[00:13:27.980 --> 00:13:28.980]  这里就是城堡的入口
[00:13:28.980 --> 00:13:29.980]  这里就是城堡的入口
[00:13:29.980 --> 00:13:30.980]  这里就是城堡的入口
[00:13:30.980 --> 00:13:31.980]  这里就是城堡的入口
[00:13:31.980 --> 00:13:32.980]  这里就是城堡的入口
[00:13:32.980 --> 00:13:33.980]  这里就是城堡的入口
[00:13:33.980 --> 00:13:34.980]  这里就是城堡的入口
[00:13:34.980 --> 00:13:35.980]  这里就是城堡的入口
[00:13:35.980 --> 00:13:36.980]  这里就是城堡的入口
[00:13:36.980 --> 00:13:37.980]  这里就是城堡的入口
[00:13:37.980 --> 00:13:38.980]  这里就是城堡的入口
[00:13:38.980 --> 00:13:39.980]  这里就是城堡的入口
[00:13:39.980 --> 00:13:40.980]  这里就是城堡的入口
[00:13:40.980 --> 00:13:41.980]  这里就是城堡的入口
[00:13:41.980 --> 00:13:42.980]  这里就是城堡的入口
[00:13:42.980 --> 00:13:43.980]  这里就是城堡的入口
[00:13:43.980 --> 00:13:44.980]  这里就是城堡的入口
[00:13:44.980 --> 00:13:45.980]  这里就是城堡的入口
[00:13:45.980 --> 00:13:46.980]  这里就是城堡的入口
[00:13:46.980 --> 00:13:47.980]  这里就是城堡的入口
[00:13:47.980 --> 00:13:48.980]  这里就是城堡的入口
[00:13:48.980 --> 00:13:49.980]  这里就是城堡的入口
[00:13:49.980 --> 00:13:50.980]  这里就是城堡的入口
[00:13:50.980 --> 00:13:51.980]  这里就是城堡的入口
[00:13:51.980 --> 00:13:52.980]  这里就是城堡的入口
[00:13:52.980 --> 00:13:53.980]  这里就是城堡的入口
[00:13:53.980 --> 00:13:54.980]  这里就是城堡的入口
[00:13:54.980 --> 00:13:55.980]  这里就是城堡的入口
[00:13:55.980 --> 00:13:56.980]  这里就是城堡的入口
[00:13:56.980 --> 00:13:57.980]  这里就是城堡的入口
[00:13:57.980 --> 00:13:58.980]  这里就是城堡的入口
[00:13:58.980 --> 00:13:59.980]  这里就是城堡的入口
[00:13:59.980 --> 00:14:00.980]  这里就是城堡的入口
[00:14:00.980 --> 00:14:01.980]  这里就是城堡的入口
[00:14:01.980 --> 00:14:02.980]  这里就是城堡的入口
[00:14:02.980 --> 00:14:03.980]  这里就是城堡的入口
[00:14:03.980 --> 00:14:04.980]  这里就是城堡的入口
[00:14:04.980 --> 00:14:05.980]  这里就是城堡的入口
[00:14:05.980 --> 00:14:06.980]  这里就是城堡的入口
[00:14:06.980 --> 00:14:07.980]  这里就是城堡的入口
[00:14:07.980 --> 00:14:08.980]  这里就是城堡的入口
[00:14:08.980 --> 00:14:09.980]  这里就是城堡的入口
[00:14:09.980 --> 00:14:10.980]  这里就是城堡的入口
[00:14:10.980 --> 00:14:11.980]  这里就是城堡的入口
[00:14:11.980 --> 00:14:12.980]  这里就是城堡的入口
[00:14:12.980 --> 00:14:13.980]  这里就是城堡的入口
[00:14:13.980 --> 00:14:14.980]  这里就是城堡的入口
[00:14:14.980 --> 00:14:15.980]  这里就是城堡的入口
[00:14:15.980 --> 00:14:16.980]  这里就是城堡的入口
[00:14:16.980 --> 00:14:17.980]  这里就是城堡的入口
[00:14:17.980 --> 00:14:18.980]  这里就是城堡的入口
[00:14:18.980 --> 00:14:19.980]  这里就是城堡的入口
[00:14:19.980 --> 00:14:20.980]  这里就是城堡的入口
[00:14:20.980 --> 00:14:21.980]  这里就是城堡的入口
[00:14:21.980 --> 00:14:22.980]  这里就是城堡的入口
[00:14:22.980 --> 00:14:23.980]  这里就是城堡的入口
[00:14:23.980 --> 00:14:24.980]  这里就是城堡的入口
[00:14:24.980 --> 00:14:25.980]  这里就是城堡的入口
[00:14:25.980 --> 00:14:26.980]  这里就是城堡的入口
[00:14:26.980 --> 00:14:27.980]  这里就是城堡的入口
[00:14:27.980 --> 00:14:28.980]  这里就是城堡的入口
[00:14:28.980 --> 00:14:29.980]  这里就是城堡的入口
[00:14:29.980 --> 00:14:30.980]  这里就是城堡的入口
[00:14:30.980 --> 00:14:31.980]  这里就是城堡的入口
[00:14:31.980 --> 00:14:32.980]  这里就是城堡的入口
[00:14:32.980 --> 00:14:33.980]  这里就是城堡的入口
[00:14:33.980 --> 00:14:34.980]  这里就是城堡的入口
[00:14:34.980 --> 00:14:35.980]  这里就是城堡的入口
[00:14:35.980 --> 00:14:36.980]  这里就是城堡的入口
[00:14:36.980 --> 00:14:37.980]  这里就是城堡的入口
[00:14:37.980 --> 00:14:38.980]  这里就是城堡的入口
[00:14:38.980 --> 00:14:39.980]  这里就是城堡的入口
[00:14:39.980 --> 00:14:40.980]  这里就是城堡的入口
[00:14:40.980 --> 00:14:41.980]  这里就是城堡的入口
[00:14:41.980 --> 00:14:42.980]  这里就是城堡的入口
[00:14:42.980 --> 00:14:43.980]  这里就是城堡的入口
[00:14:43.980 --> 00:14:44.980]  这里就是城堡的入口
[00:14:44.980 --> 00:14:45.980]  这里就是城堡的入口
[00:14:45.980 --> 00:14:46.980]  这里就是城堡的入口
[00:14:46.980 --> 00:14:47.980]  这里就是城堡的入口
[00:14:47.980 --> 00:14:48.980]  这里就是城堡的入口
[00:14:48.980 --> 00:14:49.980]  这里就是城堡的入口
[00:14:49.980 --> 00:14:50.980]  这里就是城堡的入口
[00:14:50.980 --> 00:14:51.980]  这里就是城堡的入口
[00:14:51.980 --> 00:14:52.980]  这里就是城堡的入口
[00:14:52.980 --> 00:14:53.980]  这里就是城堡的入口
[00:14:53.980 --> 00:14:54.980]  这里就是城堡的入口
[00:14:54.980 --> 00:14:55.980]  这里就是城堡的入口
[00:14:55.980 --> 00:14:56.980]  这里就是城堡的入口
[00:14:56.980 --> 00:14:57.980]  这里就是城堡的入口
[00:14:57.980 --> 00:14:58.980]  这里就是城堡的入口
[00:14:58.980 --> 00:14:59.980]  这里就是城堡的入口
[00:14:59.980 --> 00:15:00.980]  这里就是城堡的入口
[00:15:00.980 --> 00:15:01.980]  这里就是城堡的入口
[00:15:01.980 --> 00:15:02.980]  这里就是城堡的入口
[00:15:02.980 --> 00:15:03.980]  这里就是城堡的入口
[00:15:03.980 --> 00:15:04.980]  这里就是城堡的入口
[00:15:04.980 --> 00:15:05.980]  这里就是城堡的入口
[00:15:05.980 --> 00:15:06.980]  这里就是城堡的入口
[00:15:06.980 --> 00:15:07.980]  这里就是城堡的入口
[00:15:07.980 --> 00:15:08.980]  这里就是城堡的入口
[00:15:08.980 --> 00:15:09.980]  这里就是城堡的入口
[00:15:09.980 --> 00:15:10.980]  这里就是城堡的入口
[00:15:10.980 --> 00:15:11.980]  这里就是城堡的入口
[00:15:11.980 --> 00:15:12.980]  这里就是城堡的入口
[00:15:12.980 --> 00:15:13.980]  这里就是城堡的入口
[00:15:13.980 --> 00:15:14.980]  这里就是城堡的入口
[00:15:14.980 --> 00:15:15.980]  这里就是城堡的入口
[00:15:15.980 --> 00:15:16.980]  这里就是城堡的入口
[00:15:16.980 --> 00:15:17.980]  这里就是城堡的入口
[00:15:17.980 --> 00:15:18.980]  这里就是城堡的入口
[00:15:18.980 --> 00:15:19.980]  这里就是城堡的入口
[00:15:19.980 --> 00:15:20.980]  这里就是城堡的入口
[00:15:20.980 --> 00:15:21.980]  这里就是城堡的入口
[00:15:21.980 --> 00:15:22.980]  这里就是城堡的入口
[00:15:22.980 --> 00:15:23.980]  这里就是城堡的入口
[00:15:23.980 --> 00:15:24.980]  这里就是城堡的入口
[00:15:24.980 --> 00:15:25.980]  这里就是城堡的入口
[00:15:25.980 --> 00:15:26.980]  这里就是城堡的入口
[00:15:26.980 --> 00:15:27.980]  这里就是城堡的入口
[00:15:27.980 --> 00:15:28.980]  这里就是城堡的入口
[00:15:28.980 --> 00:15:29.980]  这里就是城堡的入口
[00:15:29.980 --> 00:15:30.980]  这里就是城堡的入口
[00:15:30.980 --> 00:15:31.980]  这里就是城堡的入口
[00:15:31.980 --> 00:15:32.980]  这里就是城堡的入口
[00:15:32.980 --> 00:15:33.980]  这里就是城堡的入口
[00:15:33.980 --> 00:15:34.980]  这里就是城堡的入口
[00:15:34.980 --> 00:15:35.980]  这里就是城堡的入口
[00:15:35.980 --> 00:15:36.980]  这里就是城堡的入口
[00:15:36.980 --> 00:15:37.980]  这里就是城堡的入口
[00:15:37.980 --> 00:15:38.980]  这里就是城堡的入口
[00:15:38.980 --> 00:15:39.980]  这里就是城堡的入口
[00:15:39.980 --> 00:15:40.980]  这里就是城堡的入口
[00:15:40.980 --> 00:15:41.980]  这里就是城堡的入口
[00:15:41.980 --> 00:15:42.980]  这里就是城堡的入口
[00:15:42.980 --> 00:15:43.980]  这里就是城堡的入口
[00:15:43.980 --> 00:15:44.980]  这里就是城堡的入口
[00:15:44.980 --> 00:15:45.980]  这里就是城堡的入口
[00:15:45.980 --> 00:15:46.980]  这里就是城堡的入口
[00:15:46.980 --> 00:15:47.980]  这里就是城堡的入口
[00:15:47.980 --> 00:15:48.980]  这里就是城堡的入口
[00:15:48.980 --> 00:15:49.980]  这里就是城堡的入口
[00:15:49.980 --> 00:15:50.980]  这里就是城堡的入口
[00:15:50.980 --> 00:15:51.980]  这里就是城堡的入口
[00:15:51.980 --> 00:15:52.980]  这里就是城堡的入口
[00:15:52.980 --> 00:15:53.980]  这里就是城堡的入口
[00:15:53.980 --> 00:15:54.980]  这里就是城堡的入口
[00:15:54.980 --> 00:15:55.980]  这里就是城堡的入口
[00:15:55.980 --> 00:15:56.980]  这里就是城堡的入口
[00:15:56.980 --> 00:15:57.980]  这里就是城堡的入口
[00:15:57.980 --> 00:15:58.980]  这里就是城堡的入口
[00:15:58.980 --> 00:15:59.980]  这里就是城堡的入口
[00:15:59.980 --> 00:16:00.980]  这里就是城堡的入口
[00:16:00.980 --> 00:16:01.980]  这里就是城堡的入口
[00:16:01.980 --> 00:16:02.980]  这里就是城堡的入口
[00:16:02.980 --> 00:16:03.980]  这里就是城堡的入口
[00:16:03.980 --> 00:16:04.980]  这里就是城堡的入口
[00:16:04.980 --> 00:16:05.980]  这里就是城堡的入口
[00:16:05.980 --> 00:16:06.980]  这里就是城堡的入口
[00:16:06.980 --> 00:16:07.980]  这里就是城堡的入口
[00:16:07.980 --> 00:16:08.980]  这里就是城堡的入口
[00:16:08.980 --> 00:16:09.980]  这里就是城堡的入口
[00:16:09.980 --> 00:16:10.980]  这里就是城堡的入口
[00:16:10.980 --> 00:16:11.980]  这里就是城堡的入口
[00:16:11.980 --> 00:16:12.980]  这里就是城堡的入口
[00:16:12.980 --> 00:16:13.980]  这里就是城堡的入口
[00:16:13.980 --> 00:16:14.980]  这里就是城堡的入口
[00:16:14.980 --> 00:16:15.980]  这里就是城堡的入口
[00:16:15.980 --> 00:16:16.980]  这里就是城堡的入口
[00:16:16.980 --> 00:16:17.980]  这里就是城堡的入口
[00:16:17.980 --> 00:16:18.980]  这里就是城堡的入口
[00:16:18.980 --> 00:16:19.980]  这里就是城堡的入口
[00:16:19.980 --> 00:16:20.980]  这里就是城堡的入口
[00:16:20.980 --> 00:16:21.980]  这里就是城堡的入口
[00:16:21.980 --> 00:16:22.980]  这里就是城堡的入口
[00:16:22.980 --> 00:16:23.980]  这里就是城堡的入口
[00:16:23.980 --> 00:16:24.980]  这里就是城堡的入口
[00:16:24.980 --> 00:16:25.980]  这里就是城堡的入口
[00:16:25.980 --> 00:16:26.980]  这里就是城堡的入口
[00:16:26.980 --> 00:16:27.980]  这里就是城堡的入口
[00:16:27.980 --> 00:16:28.980]  这里就是城堡的入口
[00:16:28.980 --> 00:16:29.980]  这里就是城堡的入口
[00:16:29.980 --> 00:16:30.980]  这里就是城堡的入口
[00:16:30.980 --> 00:16:31.980]  这里就是城堡的入口
[00:16:31.980 --> 00:16:32.980]  这里就是城堡的入口
[00:16:32.980 --> 00:16:33.980]  这里就是城堡的入口
[00:16:33.980 --> 00:16:34.980]  这里就是城堡的入口
[00:16:34.980 --> 00:16:35.980]  这里就是城堡的入口
[00:16:35.980 --> 00:16:36.980]  这里就是城堡的入口
[00:16:36.980 --> 00:16:37.980]  这里就是城堡的入口
[00:16:37.980 --> 00:16:38.980]  这里就是城堡的入口
[00:16:38.980 --> 00:16:39.980]  这里就是城堡的入口
[00:16:39.980 --> 00:16:40.980]  这里就是城堡的入口
[00:16:40.980 --> 00:16:41.980]  这里就是城堡的入口
[00:16:41.980 --> 00:16:42.980]  这里就是城堡的入口
[00:16:42.980 --> 00:16:43.980]  这里就是城堡的入口
[00:16:43.980 --> 00:16:44.980]  这里就是城堡的入口
[00:16:44.980 --> 00:16:45.980]  这里就是城堡的入口
[00:16:45.980 --> 00:16:46.980]  这里就是城堡的入口
[00:16:46.980 --> 00:16:47.980]  这里就是城堡的入口
[00:16:47.980 --> 00:16:48.980]  这里就是城堡的入口
[00:16:48.980 --> 00:16:49.980]  这里就是城堡的入口
[00:16:49.980 --> 00:16:50.980]  这里就是城堡的入口
[00:16:50.980 --> 00:16:51.980]  这里就是城堡的入口
[00:16:51.980 --> 00:16:52.980]  这里就是城堡的入口
[00:16:52.980 --> 00:16:53.980]  这里就是城堡的入口
[00:16:53.980 --> 00:16:54.980]  这里就是城堡的入口
[00:16:54.980 --> 00:16:55.980]  这里就是城堡的入口
[00:16:55.980 --> 00:16:56.980]  这里就是城堡的入口
[00:16:56.980 --> 00:16:57.980]  这里就是城堡的入口
[00:16:57.980 --> 00:16:58.980]  这里就是城堡的入口
[00:16:58.980 --> 00:16:59.980]  这里就是城堡的入口
[00:16:59.980 --> 00:17:00.980]  这里就是城堡的入口
[00:17:00.980 --> 00:17:01.980]  这里就是城堡的入口
[00:17:01.980 --> 00:17:02.980]  这里就是城堡的入口
[00:17:02.980 --> 00:17:03.980]  这里就是城堡的入口
[00:17:03.980 --> 00:17:04.980]  这里就是城堡的入口
[00:17:04.980 --> 00:17:05.980]  这里就是城堡的入口
[00:17:05.980 --> 00:17:06.980]  这里就是城堡的入口
[00:17:06.980 --> 00:17:07.980]  这里就是城堡的入口
[00:17:07.980 --> 00:17:08.980]  这里就是城堡的入口
[00:17:08.980 --> 00:17:09.980]  这里就是城堡的入口
[00:17:09.980 --> 00:17:10.980]  这里就是城堡的入口
[00:17:10.980 --> 00:17:11.980]  这里就是城堡的入口
[00:17:11.980 --> 00:17:12.980]  这里就是城堡的入口
[00:17:12.980 --> 00:17:13.980]  这里就是城堡的入口
[00:17:13.980 --> 00:17:14.980]  这里就是城堡的入口
[00:17:14.980 --> 00:17:15.980]  这里就是城堡的入口
[00:17:15.980 --> 00:17:16.980]  这里就是城堡的入口
[00:17:16.980 --> 00:17:17.980]  这里就是城堡的入口
[00:17:17.980 --> 00:17:18.980]  这里就是城堡的入口
[00:17:18.980 --> 00:17:19.980]  这里就是城堡的入口
[00:17:19.980 --> 00:17:20.980]  这里就是城堡的入口
[00:17:20.980 --> 00:17:21.980]  这里就是城堡的入口
[00:17:21.980 --> 00:17:22.980]  这里就是城堡的入口
[00:17:22.980 --> 00:17:23.980]  这里就是城堡的入口
[00:17:23.980 --> 00:17:24.980]  这里就是城堡的入口
[00:17:24.980 --> 00:17:25.980]  这里就是城堡的入口
[00:17:25.980 --> 00:17:26.980]  这里就是城堡的入口
[00:17:26.980 --> 00:17:27.980]  这里就是城堡的入口
[00:17:27.980 --> 00:17:28.980]  这里就是城堡的入口
[00:17:28.980 --> 00:17:29.980]  这里就是城堡的入口
[00:17:29.980 --> 00:17:30.980]  这里就是城堡的入口
[00:17:30.980 --> 00:17:31.980]  这里就是城堡的入口
[00:17:31.980 --> 00:17:32.980]  这里就是城堡的入口
[00:17:32.980 --> 00:17:33.980]  这里就是城堡的入口
[00:17:33.980 --> 00:17:34.980]  这里就是城堡的入口
[00:17:34.980 --> 00:17:35.980]  这里就是城堡的入口
[00:17:35.980 --> 00:17:36.980]  这里就是城堡的入口
[00:17:36.980 --> 00:17:37.980]  这里就是城堡的入口
[00:17:37.980 --> 00:17:38.980]  这里就是城堡的入口
[00:17:38.980 --> 00:17:39.980]  这里就是城堡的入口
[00:17:39.980 --> 00:17:40.980]  这里就是城堡的入口
[00:17:40.980 --> 00:17:41.980]  这里就是城堡的入口
[00:17:41.980 --> 00:17:42.980]  这里就是城堡的入口
[00:17:42.980 --> 00:17:43.980]  这里就是城堡的入口
[00:17:43.980 --> 00:17:44.980]  这里就是城堡的入口
[00:17:44.980 --> 00:17:45.980]  这里就是城堡的入口
[00:17:45.980 --> 00:17:46.980]  这里就是城堡的入口
[00:17:46.980 --> 00:17:47.980]  这里就是城堡的入口
[00:17:47.980 --> 00:17:48.980]  这里就是城堡的入口
[00:17:48.980 --> 00:17:49.980]  这里就是城堡的入口
[00:17:49.980 --> 00:17:50.980]  这里就是城堡的入口
[00:17:50.980 --> 00:17:51.980]  这里就是城堡的入口
[00:17:51.980 --> 00:17:52.980]  这里就是城堡的入口
[00:17:52.980 --> 00:17:53.980]  这里就是城堡的入口
[00:17:53.980 --> 00:17:54.980]  这里就是城堡的入口
[00:17:54.980 --> 00:17:55.980]  这里就是城堡的入口
[00:17:55.980 --> 00:17:56.980]  这里就是城堡的入口
[00:17:56.980 --> 00:17:57.980]  这里就是城堡的入口
[00:17:57.980 --> 00:17:58.980]  这里就是城堡的入口
[00:17:58.980 --> 00:17:59.980]  这里就是城堡的入口
[00:17:59.980 --> 00:18:00.980]  这里就是城堡的入口
[00:18:00.980 --> 00:18:01.980]  这里就是城堡的入口
[00:18:01.980 --> 00:18:02.980]  这里就是城堡的入口
[00:18:02.980 --> 00:18:03.980]  这里就是城堡的入口
[00:18:03.980 --> 00:18:04.980]  这里就是城堡的入口
[00:18:04.980 --> 00:18:05.980]  这里就是城堡的入口
[00:18:05.980 --> 00:18:06.980]  这里就是城堡的入口
[00:18:06.980 --> 00:18:07.980]  这里就是城堡的入口
[00:18:07.980 --> 00:18:08.980]  这里就是城堡的入口
[00:18:08.980 --> 00:18:09.980]  这里就是城堡的入口
[00:18:09.980 --> 00:18:10.980]  这里就是城堡的入口
[00:18:10.980 --> 00:18:11.980]  这里就是城堡的入口
[00:18:11.980 --> 00:18:12.980]  这里就是城堡的入口
[00:18:12.980 --> 00:18:13.980]  这里就是城堡的入口
[00:18:13.980 --> 00:18:14.980]  这里就是城堡的入口
[00:18:14.980 --> 00:18:15.980]  这里就是城堡的入口
[00:18:15.980 --> 00:18:16.980]  这里就是城堡的入口
[00:18:16.980 --> 00:18:17.980]  这里就是城堡的入口
[00:18:17.980 --> 00:18:18.980]  这里就是城堡的入口
[00:18:18.980 --> 00:18:19.980]  这里就是城堡的入口
[00:18:19.980 --> 00:18:20.980]  这里就是城堡的入口
[00:18:20.980 --> 00:18:21.980]  这里就是城堡的入口
[00:18:21.980 --> 00:18:22.980]  这里就是城堡的入口
[00:18:22.980 --> 00:18:23.980]  这里就是城堡的入口
[00:18:23.980 --> 00:18:24.980]  这里就是城堡的入口
[00:18:24.980 --> 00:18:25.980]  这里就是城堡的入口
[00:18:25.980 --> 00:18:26.980]  这里就是城堡的入口
[00:18:26.980 --> 00:18:27.980]  这里就是城堡的入口
[00:18:27.980 --> 00:18:28.980]  这里就是城堡的入口
[00:18:28.980 --> 00:18:29.980]  这里就是城堡的入口
[00:18:29.980 --> 00:18:30.980]  这里就是城堡的入口
[00:18:30.980 --> 00:18:31.980]  这里就是城堡的入口
[00:18:31.980 --> 00:18:32.980]  这里就是城堡的入口
[00:18:32.980 --> 00:18:33.980]  这里就是城堡的入口
[00:18:33.980 --> 00:18:34.980]  这里就是城堡的入口
[00:18:34.980 --> 00:18:35.980]  这里就是城堡的入口
[00:18:35.980 --> 00:18:36.980]  这里就是城堡的入口
[00:18:36.980 --> 00:18:37.980]  这里就是城堡的入口
[00:18:37.980 --> 00:18:38.980]  这里就是城堡的入口
[00:18:38.980 --> 00:18:39.980]  这里就是城堡的入口
[00:18:39.980 --> 00:18:40.980]  这里就是城堡的入口
[00:18:40.980 --> 00:18:41.980]  这里就是城堡的入口
[00:18:41.980 --> 00:18:42.980]  这里就是城堡的入口
[00:18:42.980 --> 00:18:43.980]  这里就是城堡的入口
[00:18:43.980 --> 00:18:44.980]  这里就是城堡的入口
[00:18:44.980 --> 00:18:45.980]  这里就是城堡的入口
[00:18:45.980 --> 00:18:46.980]  这里就是城堡的入口
[00:18:46.980 --> 00:18:47.980]  这里就是城堡的入口
[00:18:47.980 --> 00:18:48.980]  这里就是城堡的入口
[00:18:48.980 --> 00:18:49.980]  这里就是城堡的入口
[00:18:49.980 --> 00:18:50.980]  这里就是城堡的入口
[00:18:50.980 --> 00:18:51.980]  这里就是城堡的入口
[00:18:51.980 --> 00:18:52.980]  这里就是城堡的入口
[00:18:52.980 --> 00:18:53.980]  这里就是城堡的入口
[00:18:53.980 --> 00:18:54.980]  这里就是城堡的入口
[00:18:54.980 --> 00:18:55.980]  这里就是城堡的入口
[00:18:55.980 --> 00:18:56.980]  这里就是城堡的入口
[00:18:56.980 --> 00:18:57.980]  这里就是城堡的入口
[00:18:57.980 --> 00:18:58.980]  这里就是城堡的入口
[00:18:58.980 --> 00:18:59.980]  这里就是城堡的入口
[00:18:59.980 --> 00:19:00.980]  这里就是城堡的入口
[00:19:00.980 --> 00:19:01.980]  这里就是城堡的入口
[00:19:01.980 --> 00:19:02.980]  这里就是城堡的入口
[00:19:02.980 --> 00:19:03.980]  这里就是城堡的入口
[00:19:03.980 --> 00:19:04.980]  这里就是城堡的入口
[00:19:04.980 --> 00:19:05.980]  这里就是城堡的入口
[00:19:05.980 --> 00:19:06.980]  这里就是城堡的入口
[00:19:06.980 --> 00:19:07.980]  这里就是城堡的入口
[00:19:07.980 --> 00:19:08.980]  这里就是城堡的入口
[00:19:08.980 --> 00:19:09.980]  这里就是城堡的入口
[00:19:09.980 --> 00:19:10.980]  这里就是城堡的入口
[00:19:10.980 --> 00:19:11.980]  这里就是城堡的入口
[00:19:11.980 --> 00:19:12.980]  这里就是城堡的入口
[00:19:12.980 --> 00:19:13.980]  这里就是城堡的入口
[00:19:13.980 --> 00:19:14.980]  这里就是城堡的入口
[00:19:14.980 --> 00:19:15.980]  这里就是城堡的入口
[00:19:15.980 --> 00:19:16.980]  这里就是城堡的入口
[00:19:16.980 --> 00:19:17.980]  这里就是城堡的入口
[00:19:17.980 --> 00:19:18.980]  这里就是城堡的入口
[00:19:18.980 --> 00:19:19.980]  这里就是城堡的入口
[00:19:19.980 --> 00:19:20.980]  这里就是城堡的入口
[00:19:20.980 --> 00:19:21.980]  这里就是城堡的入口
[00:19:21.980 --> 00:19:22.980]  这里就是城堡的入口
[00:19:22.980 --> 00:19:23.980]  这里就是城堡的入口
[00:19:23.980 --> 00:19:24.980]  这里就是城堡的入口
[00:19:24.980 --> 00:19:25.980]  这里就是城堡的入口
[00:19:25.980 --> 00:19:26.980]  这里就是城堡的入口
[00:19:26.980 --> 00:19:27.980]  这里就是城堡的入口
[00:19:27.980 --> 00:19:28.980]  这里就是城堡的入口
[00:19:28.980 --> 00:19:29.980]  这里就是城堡的入口
[00:19:29.980 --> 00:19:30.980]  这里就是城堡的入口
[00:19:30.980 --> 00:19:31.980]  这里就是城堡的入口
[00:19:31.980 --> 00:19:32.980]  这里就是城堡的入口
[00:19:32.980 --> 00:19:33.980]  这里就是城堡的入口
[00:19:33.980 --> 00:19:34.980]  这里就是城堡的入口
[00:19:34.980 --> 00:19:35.980]  这里就是城堡的入口
[00:19:35.980 --> 00:19:36.980]  这里就是城堡的入口
[00:19:36.980 --> 00:19:37.980]  这里就是城堡的入口
[00:19:37.980 --> 00:19:38.980]  这里就是城堡的入口
[00:19:38.980 --> 00:19:39.980]  这里就是城堡的入口
[00:19:39.980 --> 00:19:40.980]  这里就是城堡的入口
[00:19:40.980 --> 00:19:41.980]  这里就是城堡的入口
[00:19:41.980 --> 00:19:42.980]  这里就是城堡的入口
[00:19:42.980 --> 00:19:43.980]  这里就是城堡的入口
[00:19:43.980 --> 00:19:44.980]  这里就是城堡的入口
[00:19:44.980 --> 00:19:45.980]  这里就是城堡的入口
[00:19:45.980 --> 00:19:46.980]  这里就是城堡的入口
[00:19:46.980 --> 00:19:47.980]  这里就是城堡的入口
[00:19:47.980 --> 00:19:48.980]  这里就是城堡的入口
[00:19:48.980 --> 00:19:49.980]  这里就是城堡的入口
[00:19:49.980 --> 00:19:50.980]  这里就是城堡的入口
[00:19:50.980 --> 00:19:51.980]  这里就是城堡的入口
[00:19:51.980 --> 00:19:52.980]  这里就是城堡的入口
[00:19:52.980 --> 00:19:53.980]  这里就是城堡的入口
[00:19:53.980 --> 00:19:54.980]  这里就是城堡的入口
[00:19:54.980 --> 00:19:55.980]  这里就是城堡的入口
[00:19:55.980 --> 00:19:56.980]  这里就是城堡的入口
[00:19:56.980 --> 00:19:57.980]  这里就是城堡的入口
[00:19:57.980 --> 00:19:58.980]  这里就是城堡的入口
[00:19:58.980 --> 00:19:59.980]  这里就是城堡的入口
[00:19:59.980 --> 00:20:00.980]  这里就是城堡的入口
[00:20:00.980 --> 00:20:01.980]  这里就是城堡的入口
[00:20:01.980 --> 00:20:02.980]  这里就是城堡的入口
[00:20:02.980 --> 00:20:03.980]  这里就是城堡的入口
[00:20:03.980 --> 00:20:04.980]  这里就是城堡的入口
[00:20:04.980 --> 00:20:05.980]  这里就是城堡的入口
[00:20:05.980 --> 00:20:06.980]  这里就是城堡的入口
[00:20:06.980 --> 00:20:07.980]  这里就是城堡的入口
[00:20:07.980 --> 00:20:08.980]  这里就是城堡的入口
[00:20:08.980 --> 00:20:09.980]  这里就是城堡的入口
[00:20:09.980 --> 00:20:10.980]  这里就是城堡的入口
[00:20:10.980 --> 00:20:11.980]  这里就是城堡的入口
[00:20:11.980 --> 00:20:12.980]  这里就是城堡的入口
[00:20:12.980 --> 00:20:13.980]  这里就是城堡的入口
[00:20:13.980 --> 00:20:14.980]  这里就是城堡的入口
[00:20:14.980 --> 00:20:15.980]  这里就是城堡的入口
[00:20:15.980 --> 00:20:16.980]  这里就是城堡的入口
[00:20:16.980 --> 00:20:17.980]  这里就是城堡的入口
[00:20:17.980 --> 00:20:18.980]  这里就是城堡的入口
[00:20:18.980 --> 00:20:19.980]  这里就是城堡的入口
[00:20:19.980 --> 00:20:20.980]  这里就是城堡的入口
[00:20:20.980 --> 00:20:21.980]  这里就是城堡的入口
[00:20:21.980 --> 00:20:22.980]  这里就是城堡的入口
[00:20:22.980 --> 00:20:23.980]  这里就是城堡的入口
[00:20:23.980 --> 00:20:24.980]  这里就是城堡的入口
[00:20:24.980 --> 00:20:25.980]  这里就是城堡的入口
[00:20:25.980 --> 00:20:26.980]  这里就是城堡的入口
[00:20:26.980 --> 00:20:27.980]  这里就是城堡的入口
[00:20:27.980 --> 00:20:28.980]  这里就是城堡的入口
[00:20:28.980 --> 00:20:29.980]  这里就是城堡的入口
[00:20:29.980 --> 00:20:30.980]  这里就是城堡的入口
[00:20:30.980 --> 00:20:31.980]  这里就是城堡的入口
[00:20:31.980 --> 00:20:32.980]  这里就是城堡的入口
[00:20:32.980 --> 00:20:33.980]  这里就是城堡的入口
[00:20:33.980 --> 00:20:34.980]  这里就是城堡的入口
[00:20:34.980 --> 00:20:35.980]  这里就是城堡的入口
[00:20:35.980 --> 00:20:36.980]  这里就是城堡的入口
[00:20:36.980 --> 00:20:37.980]  这里就是城堡的入口
[00:20:37.980 --> 00:20:38.980]  这里就是城堡的入口
[00:20:38.980 --> 00:20:39.980]  这里就是城堡的入口
[00:20:39.980 --> 00:20:40.980]  这里就是城堡的入口
[00:20:40.980 --> 00:20:41.980]  这里就是城堡的入口
[00:20:41.980 --> 00:20:42.980]  这里就是城堡的入口
[00:20:42.980 --> 00:20:43.980]  这里就是城堡的入口
[00:20:43.980 --> 00:20:44.980]  这里就是城堡的入口
[00:20:44.980 --> 00:20:45.980]  这里就是城堡的入口
[00:20:45.980 --> 00:20:46.980]  这里就是城堡的入口
[00:20:46.980 --> 00:20:47.980]  这里就是城堡的入口
[00:20:47.980 --> 00:20:48.980]  这里就是城堡的入口
[00:20:48.980 --> 00:20:49.980]  这里就是城堡的入口
[00:20:49.980 --> 00:20:50.980]  这里就是城堡的入口
[00:20:50.980 --> 00:20:51.980]  这里就是城堡的入口
[00:20:51.980 --> 00:20:52.980]  这里就是城堡的入口
[00:20:52.980 --> 00:20:53.980]  这里就是城堡的入口
[00:20:53.980 --> 00:20:54.980]  这里就是城堡的入口
[00:20:54.980 --> 00:20:55.980]  这里就是城堡的入口
[00:20:55.980 --> 00:20:56.980]  这里就是城堡的入口
[00:20:56.980 --> 00:20:57.980]  这里就是城堡的入口
[00:20:57.980 --> 00:20:58.980]  这里就是城堡的入口
[00:20:58.980 --> 00:20:59.980]  这里就是城堡的入口
[00:20:59.980 --> 00:21:00.980]  这里就是城堡的入口
[00:21:00.980 --> 00:21:01.980]  这里就是城堡的入口
[00:21:01.980 --> 00:21:02.980]  这里就是城堡的入口
[00:21:02.980 --> 00:21:03.980]  这里就是城堡的入口
[00:21:03.980 --> 00:21:04.980]  这里就是城堡的入口
[00:21:04.980 --> 00:21:05.980]  这里就是城堡的入口
[00:21:05.980 --> 00:21:06.980]  这里就是城堡的入口
[00:21:06.980 --> 00:21:07.980]  这里就是城堡的入口
[00:21:07.980 --> 00:21:08.980]  这里就是城堡的入口
[00:21:08.980 --> 00:21:09.980]  这里就是城堡的入口
[00:21:09.980 --> 00:21:10.980]  这里就是城堡的入口
[00:21:10.980 --> 00:21:11.980]  这里就是城堡的入口
[00:21:11.980 --> 00:21:12.980]  这里就是城堡的入口
[00:21:12.980 --> 00:21:13.980]  这里就是城堡的入口
[00:21:13.980 --> 00:21:14.980]  这里就是城堡的入口
[00:21:14.980 --> 00:21:15.980]  这里就是城堡的入口
[00:21:15.980 --> 00:21:16.980]  这里就是城堡的入口
[00:21:16.980 --> 00:21:17.980]  这里就是城堡的入口
[00:21:17.980 --> 00:21:18.980]  这里就是城堡的入口
[00:21:18.980 --> 00:21:19.980]  这里就是城堡的入口
[00:21:19.980 --> 00:21:20.980]  这里就是城堡的入口
[00:21:20.980 --> 00:21:21.980]  这里就是城堡的入口
[00:21:21.980 --> 00:21:22.980]  这里就是城堡的入口
[00:21:22.980 --> 00:21:23.980]  这里就是城堡的入口
[00:21:23.980 --> 00:21:24.980]  这里就是城堡的入口
[00:21:24.980 --> 00:21:25.980]  这里就是城堡的入口
[00:21:25.980 --> 00:21:26.980]  这里就是城堡的入口
[00:21:26.980 --> 00:21:27.980]  这里就是城堡的入口
[00:21:27.980 --> 00:21:28.980]  这里就是城堡的入口
[00:21:28.980 --> 00:21:29.980]  这里就是城堡的入口
[00:21:29.980 --> 00:21:30.980]  这里就是城堡的入口
[00:21:30.980 --> 00:21:31.980]  这里就是城堡的入口
[00:21:31.980 --> 00:21:32.980]  这里就是城堡的入口
[00:21:32.980 --> 00:21:33.980]  这里就是城堡的入口
[00:21:33.980 --> 00:21:34.980]  这里就是城堡的入口
[00:21:34.980 --> 00:21:35.980]  这里就是城堡的入口
[00:21:35.980 --> 00:21:36.980]  这里就是城堡的入口
[00:21:36.980 --> 00:21:37.980]  这里就是城堡的入口
[00:21:37.980 --> 00:21:38.980]  这里就是城堡的入口
[00:21:38.980 --> 00:21:39.980]  这里就是城堡的入口
[00:21:39.980 --> 00:21:40.980]  这里就是城堡的入口
[00:21:40.980 --> 00:21:41.980]  这里就是城堡的入口
[00:21:41.980 --> 00:21:42.980]  这里就是城堡的入口
[00:21:42.980 --> 00:21:43.980]  这里就是城堡的入口
[00:21:43.980 --> 00:21:44.980]  这里就是城堡的入口
[00:21:44.980 --> 00:21:45.980]  这里就是城堡的入口
[00:21:45.980 --> 00:21:46.980]  这里就是城堡的入口
[00:21:46.980 --> 00:21:47.980]  这里就是城堡的入口
[00:21:47.980 --> 00:21:48.980]  这里就是城堡的入口
[00:21:48.980 --> 00:21:49.980]  这里就是城堡的入口
[00:21:49.980 --> 00:21:50.980]  这里就是城堡的入口
[00:21:50.980 --> 00:21:51.980]  这里就是城堡的入口
[00:21:51.980 --> 00:21:52.980]  这里就是城堡的入口
[00:21:52.980 --> 00:21:53.980]  这里就是城堡的入口
[00:21:53.980 --> 00:21:54.980]  这里就是城堡的入口
[00:21:54.980 --> 00:21:55.980]  这里就是城堡的入口
[00:21:55.980 --> 00:21:56.980]  这里就是城堡的入口
[00:21:56.980 --> 00:21:57.980]  这里就是城堡的入口
[00:21:57.980 --> 00:21:58.980]  这里就是城堡的入口
[00:21:58.980 --> 00:21:59.980]  这里就是城堡的入口
[00:21:59.980 --> 00:22:00.980]  这里就是城堡的入口
[00:22:00.980 --> 00:22:01.980]  这里就是城堡的入口
[00:22:01.980 --> 00:22:02.980]  这里就是城堡的入口
[00:22:02.980 --> 00:22:03.980]  这里就是城堡的入口
[00:22:03.980 --> 00:22:04.980]  这里就是城堡的入口
[00:22:04.980 --> 00:22:05.980]  这里就是城堡的入口
[00:22:05.980 --> 00:22:06.980]  这里就是城堡的入口
[00:22:06.980 --> 00:22:07.980]  这里就是城堡的入口
[00:22:07.980 --> 00:22:08.980]  这里就是城堡的入口
[00:22:08.980 --> 00:22:09.980]  这里就是城堡的入口
[00:22:09.980 --> 00:22:10.980]  这里就是城堡的入口
[00:22:10.980 --> 00:22:11.980]  这里就是城堡的入口
[00:22:11.980 --> 00:22:12.980]  这里就是城堡的入口
[00:22:12.980 --> 00:22:13.980]  这里就是城堡的入口
[00:22:13.980 --> 00:22:14.980]  这里就是城堡的入口
[00:22:14.980 --> 00:22:15.980]  这里就是城堡的入口
[00:22:15.980 --> 00:22:16.980]  这里就是城堡的入口
[00:22:16.980 --> 00:22:17.980]  这里就是城堡的入口
[00:22:17.980 --> 00:22:18.980]  这里就是城堡的入口
[00:22:18.980 --> 00:22:19.980]  这里就是城堡的入口
[00:22:19.980 --> 00:22:20.980]  这里就是城堡的入口
[00:22:20.980 --> 00:22:21.980]  这里就是城堡的入口
[00:22:21.980 --> 00:22:22.980]  这里就是城堡的入口
[00:22:22.980 --> 00:22:23.980]  这里就是城堡的入口
[00:22:23.980 --> 00:22:24.980]  这里就是城堡的入口
[00:22:24.980 --> 00:22:25.980]  这里就是城堡的入口
[00:22:25.980 --> 00:22:26.980]  这里就是城堡的入口
[00:22:26.980 --> 00:22:27.980]  这里就是城堡的入口
[00:22:27.980 --> 00:22:28.980]  这里就是城堡的入口
[00:22:28.980 --> 00:22:29.980]  这里就是城堡的入口
[00:22:29.980 --> 00:22:30.980]  这里就是城堡的入口
[00:22:30.980 --> 00:22:31.980]  这里就是城堡的入口
[00:22:31.980 --> 00:22:32.980]  这里就是城堡的入口
[00:22:32.980 --> 00:22:33.980]  这里就是城堡的入口
[00:22:33.980 --> 00:22:34.980]  这里就是城堡的入口
[00:22:34.980 --> 00:22:35.980]  这里就是城堡的入口
[00:22:35.980 --> 00:22:36.980]  这里就是城堡的入口
[00:22:36.980 --> 00:22:37.980]  这里就是城堡的入口
[00:22:37.980 --> 00:22:38.980]  这里就是城堡的入口
[00:22:38.980 --> 00:22:39.980]  这里就是城堡的入口
[00:22:39.980 --> 00:22:40.980]  这里就是城堡的入口
[00:22:40.980 --> 00:22:41.980]  这里就是城堡的入口
[00:22:41.980 --> 00:22:42.980]  这里就是城堡的入口
[00:22:42.980 --> 00:22:43.980]  这里就是城堡的入口
[00:22:43.980 --> 00:22:44.980]  这里就是城堡的入口
[00:22:44.980 --> 00:22:45.980]  这里就是城堡的入口
[00:22:45.980 --> 00:22:46.980]  这里就是城堡的入口
[00:22:46.980 --> 00:22:47.980]  这里就是城堡的入口
[00:22:47.980 --> 00:22:48.980]  这里就是城堡的入口
[00:22:48.980 --> 00:22:49.980]  这里就是城堡的入口
[00:22:49.980 --> 00:22:50.980]  这里就是城堡的入口
[00:22:50.980 --> 00:22:51.980]  这里就是城堡的入口
[00:22:51.980 --> 00:22:52.980]  这里就是城堡的入口
[00:22:52.980 --> 00:22:53.980]  这里就是城堡的入口
[00:22:53.980 --> 00:22:54.980]  这里就是城堡的入口
[00:22:54.980 --> 00:22:55.980]  这里就是城堡的入口
[00:22:55.980 --> 00:22:56.980]  这里就是城堡的入口
[00:22:56.980 --> 00:22:57.980]  这里就是城堡的入口
[00:22:57.980 --> 00:22:58.980]  这里就是城堡的入口
[00:22:58.980 --> 00:22:59.980]  这里就是城堡的入口
[00:22:59.980 --> 00:23:00.980]  这里就是城堡的入口
[00:23:00.980 --> 00:23:01.980]  这里就是城堡的入口
[00:23:01.980 --> 00:23:02.980]  这里就是城堡的入口
[00:23:02.980 --> 00:23:03.980]  这里就是城堡的入口
[00:23:03.980 --> 00:23:04.980]  这里就是城堡的入口
[00:23:04.980 --> 00:23:05.980]  这里就是城堡的入口
[00:23:05.980 --> 00:23:06.980]  这里就是城堡的入口
[00:23:06.980 --> 00:23:07.980]  这里就是城堡的入口
[00:23:07.980 --> 00:23:08.980]  这里就是城堡的入口
[00:23:08.980 --> 00:23:09.980]  这里就是城堡的入口
[00:23:09.980 --> 00:23:10.980]  这里就是城堡的入口
[00:23:10.980 --> 00:23:11.980]  这里就是城堡的入口
[00:23:11.980 --> 00:23:12.980]  这里就是城堡的入口
[00:23:12.980 --> 00:23:13.980]  这里就是城堡的入口
[00:23:13.980 --> 00:23:14.980]  这里就是城堡的入口
[00:23:14.980 --> 00:23:15.980]  这里就是城堡的入口
[00:23:15.980 --> 00:23:16.980]  这里就是城堡的入口
[00:23:16.980 --> 00:23:17.980]  这里就是城堡的入口
[00:23:17.980 --> 00:23:18.980]  这里就是城堡的入口
[00:23:18.980 --> 00:23:19.980]  这里就是城堡的入口
[00:23:19.980 --> 00:23:20.980]  这里就是城堡的入口
[00:23:20.980 --> 00:23:21.980]  这里就是城堡的入口
[00:23:21.980 --> 00:23:22.980]  这里就是城堡的入口
[00:23:22.980 --> 00:23:23.980]  这里就是城堡的入口
[00:23:23.980 --> 00:23:24.980]  这里就是城堡的入口
[00:23:24.980 --> 00:23:25.980]  这里就是城堡的入口
[00:23:25.980 --> 00:23:26.980]  这里就是城堡的入口
[00:23:26.980 --> 00:23:27.980]  这里就是城堡的入口
[00:23:27.980 --> 00:23:28.980]  这里就是城堡的入口
[00:23:28.980 --> 00:23:29.980]  这里就是城堡的入口
[00:23:29.980 --> 00:23:30.980]  这里就是城堡的入口
[00:23:30.980 --> 00:23:31.980]  这里就是城堡的入口
[00:23:31.980 --> 00:23:32.980]  这里就是城堡的入口
[00:23:32.980 --> 00:23:33.980]  这里就是城堡的入口
[00:23:33.980 --> 00:23:34.980]  这里就是城堡的入口
[00:23:34.980 --> 00:23:35.980]  这里就是城堡的入口
[00:23:35.980 --> 00:23:36.980]  这里就是城堡的入口
[00:23:36.980 --> 00:23:37.980]  这里就是城堡的入口
[00:23:37.980 --> 00:23:38.980]  这里就是城堡的入口
[00:23:38.980 --> 00:23:39.980]  这里就是城堡的入口
[00:23:39.980 --> 00:23:40.980]  这里就是城堡的入口
[00:23:40.980 --> 00:23:41.980]  这里就是城堡的入口
[00:23:41.980 --> 00:23:42.980]  这里就是城堡的入口
[00:23:42.980 --> 00:23:43.980]  这里就是城堡的入口
[00:23:43.980 --> 00:23:44.980]  这里就是城堡的入口
[00:23:44.980 --> 00:23:45.980]  这里就是城堡的入口
[00:23:45.980 --> 00:23:46.980]  这里就是城堡的入口
[00:23:46.980 --> 00:23:47.980]  这里就是城堡的入口
[00:23:47.980 --> 00:23:48.980]  这里就是城堡的入口
[00:23:48.980 --> 00:23:49.980]  这里就是城堡的入口
[00:23:49.980 --> 00:23:50.980]  这里就是城堡的入口
[00:23:50.980 --> 00:23:51.980]  这里就是城堡的入口
[00:23:51.980 --> 00:23:52.980]  这里就是城堡的入口
[00:23:52.980 --> 00:23:53.980]  这里就是城堡的入口
[00:23:53.980 --> 00:23:54.980]  这里就是城堡的入口
[00:23:54.980 --> 00:23:55.980]  这里就是城堡的入口
[00:23:55.980 --> 00:23:56.980]  这里就是城堡的入口
[00:23:56.980 --> 00:23:57.980]  这里就是城堡的入口
[00:23:57.980 --> 00:23:58.980]  这里就是城堡的入口
[00:23:58.980 --> 00:23:59.980]  这里就是城堡的入口
[00:23:59.980 --> 00:24:00.980]  这里就是城堡的入口
[00:24:00.980 --> 00:24:01.980]  这里就是城堡的入口
[00:24:01.980 --> 00:24:02.980]  这里就是城堡的入口
[00:24:02.980 --> 00:24:03.980]  这里就是城堡的入口
[00:24:03.980 --> 00:24:04.980]  这里就是城堡的入口
[00:24:04.980 --> 00:24:05.980]  这里就是城堡的入口
[00:24:05.980 --> 00:24:06.980]  这里就是城堡的入口
[00:24:06.980 --> 00:24:07.980]  这里就是城堡的入口
[00:24:07.980 --> 00:24:08.980]  这里就是城堡的入口
[00:24:08.980 --> 00:24:09.980]  这里就是城堡的入口
[00:24:09.980 --> 00:24:10.980]  这里就是城堡的入口
[00:24:10.980 --> 00:24:11.980]  这里就是城堡的入口
[00:24:11.980 --> 00:24:12.980]  这里就是城堡的入口
[00:24:12.980 --> 00:24:13.980]  这里就是城堡的入口
[00:24:13.980 --> 00:24:14.980]  这里就是城堡的入口
[00:24:14.980 --> 00:24:15.980]  这里就是城堡的入口
[00:24:15.980 --> 00:24:16.980]  这里就是城堡的入口
[00:24:16.980 --> 00:24:17.980]  这里就是城堡的入口
[00:24:17.980 --> 00:24:18.980]  这里就是城堡的入口
[00:24:18.980 --> 00:24:19.980]  这里就是城堡的入口
[00:24:19.980 --> 00:24:20.980]  这里就是城堡的入口
[00:24:20.980 --> 00:24:21.980]  这里就是城堡的入口
[00:24:21.980 --> 00:24:22.980]  这里就是城堡的入口
[00:24:22.980 --> 00:24:23.980]  这里就是城堡的入口
[00:24:23.980 --> 00:24:24.980]  这里就是城堡的入口
[00:24:24.980 --> 00:24:25.980]  这里就是城堡的入口
[00:24:25.980 --> 00:24:26.980]  这里就是城堡的入口
[00:24:26.980 --> 00:24:27.980]  这里就是城堡的入口
[00:24:27.980 --> 00:24:28.980]  这里就是城堡的入口
[00:24:28.980 --> 00:24:29.980]  这里就是城堡的入口
[00:24:29.980 --> 00:24:30.980]  这里就是城堡的入口
[00:24:30.980 --> 00:24:31.980]  这里就是城堡的入口
[00:24:31.980 --> 00:24:32.980]  这里就是城堡的入口
[00:24:32.980 --> 00:24:33.980]  这里就是城堡的入口
[00:24:33.980 --> 00:24:34.980]  这里就是城堡的入口
[00:24:34.980 --> 00:24:35.980]  这里就是城堡的入口
[00:24:35.980 --> 00:24:36.980]  这里就是城堡的入口
[00:24:36.980 --> 00:24:37.980]  这里就是城堡的入口
[00:24:37.980 --> 00:24:38.980]  这里就是城堡的入口
[00:24:38.980 --> 00:24:39.980]  这里就是城堡的入口
[00:24:39.980 --> 00:24:40.980]  这里就是城堡的入口
[00:24:40.980 --> 00:24:41.980]  这里就是城堡的入口
[00:24:41.980 --> 00:24:42.980]  这里就是城堡的入口
[00:24:42.980 --> 00:24:43.980]  这里就是城堡的入口
[00:24:43.980 --> 00:24:44.980]  这里就是城堡的入口
[00:24:44.980 --> 00:24:45.980]  这里就是城堡的入口
[00:24:45.980 --> 00:24:46.980]  这里就是城堡的入口
[00:24:46.980 --> 00:24:47.980]  这里就是城堡的入口
[00:24:47.980 --> 00:24:48.980]  这里就是城堡的入口
[00:24:48.980 --> 00:24:49.980]  这里就是城堡的入口
[00:24:49.980 --> 00:24:50.980]  这里就是城堡的入口
[00:24:50.980 --> 00:24:51.980]  这里就是城堡的入口
[00:24:51.980 --> 00:24:52.980]  这里就是城堡的入口
[00:24:52.980 --> 00:24:53.980]  这里就是城堡的入口
[00:24:53.980 --> 00:24:54.980]  这里就是城堡的入口
[00:24:54.980 --> 00:24:55.980]  这里就是城堡的入口
[00:24:55.980 --> 00:24:56.980]  这里就是城堡的入口
[00:24:56.980 --> 00:24:57.980]  这里就是城堡的入口
[00:24:57.980 --> 00:24:58.980]  这里就是城堡的入口
[00:24:58.980 --> 00:24:59.980]  这里就是城堡的入口
[00:24:59.980 --> 00:25:00.980]  这里就是城堡的入口
[00:25:00.980 --> 00:25:01.980]  这里就是城堡的入口
[00:25:01.980 --> 00:25:02.980]  这里就是城堡的入口
[00:25:02.980 --> 00:25:03.980]  这里就是城堡的入口
[00:25:03.980 --> 00:25:04.980]  这里就是城堡的入口
[00:25:04.980 --> 00:25:05.980]  这里就是城堡的入口
[00:25:05.980 --> 00:25:06.980]  这里就是城堡的入口
[00:25:06.980 --> 00:25:07.980]  这里就是城堡的入口
[00:25:07.980 --> 00:25:08.980]  这里就是城堡的入口
[00:25:08.980 --> 00:25:09.980]  这里就是城堡的入口
[00:25:09.980 --> 00:25:10.980]  这里就是城堡的入口
[00:25:10.980 --> 00:25:11.980]  这里就是城堡的入口
[00:25:11.980 --> 00:25:12.980]  这里就是城堡的入口
[00:25:12.980 --> 00:25:13.980]  这里就是城堡的入口
[00:25:13.980 --> 00:25:14.980]  这里就是城堡的入口
[00:25:14.980 --> 00:25:15.980]  这里就是城堡的入口
[00:25:15.980 --> 00:25:16.980]  这里就是城堡的入口
[00:25:16.980 --> 00:25:17.980]  这里就是城堡的入口
[00:25:17.980 --> 00:25:18.980]  这里就是城堡的入口
[00:25:18.980 --> 00:25:19.980]  这里就是城堡的入口
[00:25:19.980 --> 00:25:20.980]  这里就是城堡的入口
[00:25:20.980 --> 00:25:21.980]  这里就是城堡的入口
[00:25:21.980 --> 00:25:22.980]  这里就是城堡的入口
[00:25:22.980 --> 00:25:23.980]  这里就是城堡的入口
[00:25:23.980 --> 00:25:24.980]  这里就是城堡的入口
[00:25:24.980 --> 00:25:25.980]  这里就是城堡的入口
[00:25:25.980 --> 00:25:26.980]  这里就是城堡的入口
[00:25:26.980 --> 00:25:27.980]  这里就是城堡的入口
[00:25:27.980 --> 00:25:28.980]  这里就是城堡的入口
[00:25:28.980 --> 00:25:29.980]  这里就是城堡的入口
[00:25:29.980 --> 00:25:30.980]  这里就是城堡的入口
[00:25:30.980 --> 00:25:31.980]  这里就是城堡的入口
[00:25:31.980 --> 00:25:32.980]  这里就是城堡的入口
[00:25:32.980 --> 00:25:33.980]  这里就是城堡的入口
[00:25:33.980 --> 00:25:34.980]  这里就是城堡的入口
[00:25:34.980 --> 00:25:35.980]  这里就是城堡的入口
[00:25:35.980 --> 00:25:36.980]  这里就是城堡的入口
[00:25:36.980 --> 00:25:37.980]  这里就是城堡的入口
[00:25:37.980 --> 00:25:38.980]  这里就是城堡的入口
[00:25:38.980 --> 00:25:39.980]  这里就是城堡的入口
[00:25:39.980 --> 00:25:40.980]  这里就是城堡的入口
[00:25:40.980 --> 00:25:41.980]  这里就是城堡的入口
[00:25:41.980 --> 00:25:42.980]  这里就是城堡的入口
[00:25:42.980 --> 00:25:43.980]  这里就是城堡的入口
[00:25:43.980 --> 00:25:44.980]  这里就是城堡的入口
[00:25:44.980 --> 00:25:45.980]  这里就是城堡的入口
[00:25:45.980 --> 00:25:46.980]  这里就是城堡的入口
[00:25:46.980 --> 00:25:47.980]  这里就是城堡的入口
[00:25:47.980 --> 00:25:48.980]  这里就是城堡的入口
[00:25:48.980 --> 00:25:49.980]  这里就是城堡的入口
[00:25:49.980 --> 00:25:50.980]  这里就是城堡的入口
[00:25:50.980 --> 00:25:51.980]  这里就是城堡的入口
[00:25:51.980 --> 00:25:52.980]  这里就是城堡的入口
[00:25:52.980 --> 00:25:53.980]  这里就是城堡的入口
[00:25:53.980 --> 00:25:54.980]  这里就是城堡的入口
[00:25:54.980 --> 00:25:55.980]  这里就是城堡的入口
[00:25:55.980 --> 00:25:56.980]  这里就是城堡的入口
[00:25:56.980 --> 00:25:57.980]  这里就是城堡的入口
[00:25:57.980 --> 00:25:58.980]  这里就是城堡的入口
[00:25:58.980 --> 00:25:59.980]  这里就是城堡的入口
[00:25:59.980 --> 00:26:00.980]  这里就是城堡的入口
[00:26:00.980 --> 00:26:01.980]  这里就是城堡的入口
[00:26:01.980 --> 00:26:02.980]  这里就是城堡的入口
[00:26:02.980 --> 00:26:03.980]  这里就是城堡的入口
[00:26:03.980 --> 00:26:04.980]  这里就是城堡的入口
[00:26:04.980 --> 00:26:05.980]  这里就是城堡的入口
[00:26:05.980 --> 00:26:06.980]  这里就是城堡的入口
[00:26:06.980 --> 00:26:07.980]  这里就是城堡的入口
[00:26:07.980 --> 00:26:08.980]  这里就是城堡的入口
[00:26:08.980 --> 00:26:09.980]  这里就是城堡的入口
[00:26:09.980 --> 00:26:10.980]  这里就是城堡的入口
[00:26:10.980 --> 00:26:11.980]  这里就是城堡的入口
[00:26:11.980 --> 00:26:12.980]  这里就是城堡的入口
[00:26:12.980 --> 00:26:13.980]  这里就是城堡的入口
[00:26:13.980 --> 00:26:14.980]  这里就是城堡的入口
[00:26:14.980 --> 00:26:15.980]  这里就是城堡的入口
[00:26:15.980 --> 00:26:16.980]  这里就是城堡的入口
[00:26:16.980 --> 00:26:17.980]  这里就是城堡的入口
[00:26:17.980 --> 00:26:18.980]  这里就是城堡的入口
[00:26:18.980 --> 00:26:19.980]  这里就是城堡的入口
[00:26:19.980 --> 00:26:20.980]  这里就是城堡的入口
[00:26:20.980 --> 00:26:21.980]  这里就是城堡的入口
[00:26:21.980 --> 00:26:22.980]  这里就是城堡的入口
[00:26:22.980 --> 00:26:23.980]  这里就是城堡的入口
[00:26:23.980 --> 00:26:24.980]  这里就是城堡的入口
[00:26:24.980 --> 00:26:25.980]  这里就是城堡的入口
[00:26:25.980 --> 00:26:26.980]  这里就是城堡的入口
[00:26:26.980 --> 00:26:27.980]  这里就是城堡的入口
[00:26:27.980 --> 00:26:28.980]  这里就是城堡的入口
[00:26:28.980 --> 00:26:29.980]  这里就是城堡的入口
[00:26:29.980 --> 00:26:30.980]  这里就是城堡的入口
[00:26:30.980 --> 00:26:31.980]  这里就是城堡的入口
[00:26:31.980 --> 00:26:32.980]  这里就是城堡的入口
[00:26:32.980 --> 00:26:33.980]  这里就是城堡的入口
[00:26:33.980 --> 00:26:34.980]  这里就是城堡的入口
[00:26:34.980 --> 00:26:35.980]  这里就是城堡的入口
[00:26:35.980 --> 00:26:36.980]  这里就是城堡的入口
[00:26:36.980 --> 00:26:37.980]  这里就是城堡的入口
[00:26:37.980 --> 00:26:38.980]  这里就是城堡的入口
[00:26:38.980 --> 00:26:39.980]  这里就是城堡的入口
[00:26:39.980 --> 00:26:40.980]  这里就是城堡的入口
[00:26:40.980 --> 00:26:41.980]  这里就是城堡的入口
[00:26:41.980 --> 00:26:42.980]  这里就是城堡的入口
[00:26:42.980 --> 00:26:43.980]  这里就是城堡的入口
[00:26:43.980 --> 00:26:44.980]  这里就是城堡的入口
[00:26:44.980 --> 00:26:45.980]  这里就是城堡的入口
[00:26:45.980 --> 00:26:46.980]  这里就是城堡的入口
[00:26:46.980 --> 00:26:47.980]  这里就是城堡的入口
[00:26:47.980 --> 00:26:48.980]  这里就是城堡的入口
[00:26:48.980 --> 00:26:49.980]  这里就是城堡的入口
[00:26:49.980 --> 00:26:50.980]  这里就是城堡的入口
[00:26:50.980 --> 00:26:51.980]  这里就是城堡的入口
[00:26:51.980 --> 00:26:52.980]  这里就是城堡的入口
[00:26:52.980 --> 00:26:53.980]  这里就是城堡的入口
[00:26:53.980 --> 00:26:54.980]  这里就是城堡的入口
[00:26:54.980 --> 00:26:55.980]  这里就是城堡的入口
[00:26:55.980 --> 00:26:56.980]  这里就是城堡的入口
[00:26:56.980 --> 00:26:57.980]  这里就是城堡的入口
[00:26:57.980 --> 00:26:58.980]  这里就是城堡的入口
[00:26:58.980 --> 00:26:59.980]  这里就是城堡的入口
[00:26:59.980 --> 00:27:00.980]  这里就是城堡的入口
[00:27:00.980 --> 00:27:01.980]  这里就是城堡的入口
[00:27:01.980 --> 00:27:02.980]  这里就是城堡的入口
[00:27:02.980 --> 00:27:03.980]  这里就是城堡的入口
[00:27:03.980 --> 00:27:04.980]  这里就是城堡的入口
[00:27:04.980 --> 00:27:05.980]  这里就是城堡的入口
[00:27:05.980 --> 00:27:06.980]  这里就是城堡的入口
[00:27:06.980 --> 00:27:07.980]  这里就是城堡的入口
[00:27:07.980 --> 00:27:08.980]  这里就是城堡的入口
[00:27:08.980 --> 00:27:09.980]  这里就是城堡的入口
[00:27:09.980 --> 00:27:10.980]  这里就是城堡的入口
[00:27:10.980 --> 00:27:11.980]  这里就是城堡的入口
[00:27:11.980 --> 00:27:12.980]  这里就是城堡的入口
[00:27:12.980 --> 00:27:13.980]  这里就是城堡的入口
[00:27:13.980 --> 00:27:14.980]  这里就是城堡的入口
[00:27:14.980 --> 00:27:15.980]  这里就是城堡的入口
[00:27:15.980 --> 00:27:16.980]  这里就是城堡的入口
[00:27:16.980 --> 00:27:17.980]  这里就是城堡的入口
[00:27:17.980 --> 00:27:18.980]  这里就是城堡的入口
[00:27:18.980 --> 00:27:19.980]  这里就是城堡的入口
[00:27:19.980 --> 00:27:20.980]  这里就是城堡的入口
[00:27:20.980 --> 00:27:21.980]  这里就是城堡的入口
[00:27:21.980 --> 00:27:22.980]  这里就是城堡的入口
[00:27:22.980 --> 00:27:23.980]  这里就是城堡的入口
[00:27:23.980 --> 00:27:24.980]  这里就是城堡的入口
[00:27:24.980 --> 00:27:25.980]  这里就是城堡的入口
[00:27:25.980 --> 00:27:26.980]  这里就是城堡的入口
[00:27:26.980 --> 00:27:27.980]  这里就是城堡的入口
[00:27:27.980 --> 00:27:28.980]  这里就是城堡的入口
[00:27:28.980 --> 00:27:29.980]  这里就是城堡的入口
[00:27:29.980 --> 00:27:30.980]  这里就是城堡的入口
[00:27:30.980 --> 00:27:31.980]  这里就是城堡的入口
[00:27:31.980 --> 00:27:32.980]  这里就是城堡的入口
[00:27:32.980 --> 00:27:33.980]  这里就是城堡的入口
[00:27:33.980 --> 00:27:34.980]  这里就是城堡的入口
[00:27:34.980 --> 00:27:35.980]  这里就是城堡的入口
[00:27:35.980 --> 00:27:36.980]  这里就是城堡的入口
[00:27:36.980 --> 00:27:37.980]  这里就是城堡的入口
[00:27:37.980 --> 00:27:38.980]  这里就是城堡的入口
[00:27:38.980 --> 00:27:39.980]  这里就是城堡的入口
[00:27:39.980 --> 00:27:40.980]  这里就是城堡的入口
[00:27:40.980 --> 00:27:41.980]  这里就是城堡的入口
[00:27:41.980 --> 00:27:42.980]  这里就是城堡的入口
[00:27:42.980 --> 00:27:43.980]  这里就是城堡的入口
[00:27:43.980 --> 00:27:44.980]  这里就是城堡的入口
[00:27:44.980 --> 00:27:45.980]  这里就是城堡的入口
[00:27:45.980 --> 00:27:46.980]  这里就是城堡的入口
[00:27:46.980 --> 00:27:47.980]  这里就是城堡的入口
[00:27:47.980 --> 00:27:48.980]  这里就是城堡的入口
[00:27:48.980 --> 00:27:49.980]  这里就是城堡的入口
[00:27:49.980 --> 00:27:50.980]  这里就是城堡的入口
[00:27:50.980 --> 00:27:51.980]  这里就是城堡的入口
[00:27:51.980 --> 00:27:52.980]  这里就是城堡的入口
[00:27:52.980 --> 00:27:53.980]  这里就是城堡的入口
[00:27:53.980 --> 00:27:54.980]  这里就是城堡的入口
[00:27:54.980 --> 00:27:55.980]  这里就是城堡的入口
[00:27:55.980 --> 00:27:56.980]  这里就是城堡的入口
[00:27:56.980 --> 00:27:57.980]  这里就是城堡的入口
[00:27:57.980 --> 00:27:58.980]  这里就是城堡的入口
[00:27:58.980 --> 00:27:59.980]  这里就是城堡的入口
[00:27:59.980 --> 00:28:00.980]  这里就是城堡的入口
[00:28:00.980 --> 00:28:01.980]  这里就是城堡的入口
[00:28:01.980 --> 00:28:02.980]  这里就是城堡的入口
[00:28:02.980 --> 00:28:03.980]  这里就是城堡的入口
[00:28:03.980 --> 00:28:04.980]  这里就是城堡的入口
[00:28:04.980 --> 00:28:05.980]  这里就是城堡的入口
[00:28:05.980 --> 00:28:06.980]  这里就是城堡的入口
[00:28:06.980 --> 00:28:07.980]  这里就是城堡的入口
[00:28:07.980 --> 00:28:08.980]  这里就是城堡的入口
[00:28:08.980 --> 00:28:09.980]  这里就是城堡的入口
[00:28:09.980 --> 00:28:10.980]  这里就是城堡的入口
[00:28:10.980 --> 00:28:11.980]  这里就是城堡的入口
[00:28:11.980 --> 00:28:12.980]  这里就是城堡的入口
[00:28:12.980 --> 00:28:13.980]  这里就是城堡的入口
[00:28:13.980 --> 00:28:14.980]  这里就是城堡的入口
[00:28:14.980 --> 00:28:15.980]  这里就是城堡的入口
[00:28:15.980 --> 00:28:16.980]  这里就是城堡的入口
[00:28:16.980 --> 00:28:17.980]  这里就是城堡的入口
[00:28:17.980 --> 00:28:18.980]  这里就是城堡的入口
[00:28:18.980 --> 00:28:19.980]  这里就是城堡的入口

Repetition detected, retrying without context...

[00:00:00.000 --> 00:00:01.160]  Hello 大家好
[00:00:01.160 --> 00:00:03.100]  今天想跟大家分享的是
[00:00:03.100 --> 00:00:05.060]  我们全家都超期待的
[00:00:05.060 --> 00:00:07.540]  KittyDog 超好玩互动知识书
[00:00:07.540 --> 00:00:08.900]  他的第五集
[00:00:08.900 --> 00:00:11.540]  就是第五套终于出版了
[00:00:11.540 --> 00:00:13.560]  第四集我还记得是
[00:00:13.560 --> 00:00:15.500]  前年出的吧
[00:00:15.500 --> 00:00:16.800]  那时候我们还以为
[00:00:16.800 --> 00:00:18.460]  再也等不到下一集了
[00:00:18.460 --> 00:00:20.900]  所以我们家弟弟他失落了很久
[00:00:20.900 --> 00:00:22.560]  然后没想到这是隔
[00:00:22.560 --> 00:00:25.440]  再隔一年居然就出了第五集
[00:00:25.440 --> 00:00:27.240]  他真是让我们又惊又喜
[00:00:27.240 --> 00:00:29.160]  然后这次第五集的内容呢
[00:00:29.160 --> 00:00:32.480]  他其實跟上一集的這個歷史地理
[00:00:32.480 --> 00:00:34.400]  這個就是感覺有點
[00:00:34.400 --> 00:00:35.960]  有點延續的關係
[00:00:35.960 --> 00:00:37.120]  因為他這裡是講
[00:00:37.120 --> 00:00:39.960]  這比較是就是西方歷史
[00:00:39.960 --> 00:00:41.920]  就是世界史的一些概念
[00:00:41.920 --> 00:00:44.840]  然後裡面融入了非常有趣的一些
[00:00:44.840 --> 00:00:46.280]  像城堡探險
[00:00:46.280 --> 00:00:49.920]  或者是海盜海盜的冒險這樣子的故事
[00:00:49.920 --> 00:00:53.000]  所以我覺得應該是大一點的小朋友
[00:00:53.000 --> 00:00:54.280]  都可以很喜歡
[00:00:54.280 --> 00:00:55.560]  然後小一點的話
[00:00:55.560 --> 00:00:58.840]  可能從三到五歲的小朋友
[00:00:58.840 --> 00:01:01.740]  可能可以先听他的故事音档
[00:01:01.740 --> 00:01:02.940]  他玩里面的机关
[00:01:02.940 --> 00:01:05.480]  然后大概五到十岁的大班
[00:01:05.480 --> 00:01:07.620]  或者是小学一中年级生
[00:01:07.620 --> 00:01:10.440]  可能会对里面的知识会更有感
[00:01:10.440 --> 00:01:11.640]  可以学到更多
[00:01:11.640 --> 00:01:13.760]  那这是一本老少写意的
[00:01:13.760 --> 00:01:16.300]  非常有趣的中文的点读书
[00:01:16.300 --> 00:01:18.860]  那今天就赶快来带大家一起开箱
[00:01:18.860 --> 00:01:21.420]  那我先带大家来看第一本的
[00:01:21.420 --> 00:01:24.180]  就是这个勇闯古老城堡
[00:01:24.180 --> 00:01:26.080]  勇闯古老城堡呢
[00:01:26.080 --> 00:01:29.140]  他讲的是这个欧洲中世纪的城堡
[00:01:29.140 --> 00:01:31.700]  然后这里面他整个社会结构
[00:01:31.700 --> 00:01:33.160]  然后我要点的时候
[00:01:33.160 --> 00:01:35.140]  我可以用我的Kids3点读笔
[00:01:35.140 --> 00:01:38.500]  先点一下他的这个点读笔的这个封面的符号
[00:01:38.500 --> 00:01:43.900]  然后我可以这边点全书朗读
[00:01:43.900 --> 00:01:46.580]  我也有一个这个小卡点读小卡
[00:01:46.580 --> 00:01:47.680]  可以听他的故事
[00:01:47.680 --> 00:01:49.600]  不用把整本书带着走
[00:01:49.600 --> 00:01:54.220]  那我可以先来听听看他的一个情境故事
[00:01:54.220 --> 00:01:55.960]  他的左下角这边
[00:01:55.960 --> 00:01:58.900]  它每一個跨頁都有一個情境故事
[00:01:58.900 --> 00:02:03.120]  先聽一小段試試看
[00:02:03.120 --> 00:02:05.160]  你們兩個要注意安全
[00:02:05.160 --> 00:02:06.300]  不要在錢包裡面亂跑
[00:02:06.300 --> 00:02:07.560]  大家可以看到這邊有一個
[00:02:07.560 --> 00:02:09.000]  哇 立體的錢包
[00:02:09.000 --> 00:02:10.760]  媽媽再見
[00:02:10.760 --> 00:02:25.060]  小馬 我們要去哪裡報到
[00:02:25.060 --> 00:02:29.180]  杭真信上面说
[00:02:29.180 --> 00:02:31.500]  在城堡门口集合
[00:02:31.500 --> 00:02:32.260]  走吧
[00:02:32.260 --> 00:02:46.780]  怎么样 很壮观吧
[00:02:46.780 --> 00:02:48.740]  这里就是城堡的入口
[00:02:48.740 --> 00:02:52.040]  这个重型铁栅栏叫做吊闸
[00:02:52.040 --> 00:02:53.780]  用来守卫城门
[00:02:53.780 --> 00:02:56.900]  而这座吊桥又称作上开桥
[00:02:56.900 --> 00:02:59.180]  可以仿制敌人跨越湖城河
[00:02:59.180 --> 00:02:59.940]  看看这个桥
[00:02:59.940 --> 00:03:01.680]  很薄的环境
[00:03:01.680 --> 00:03:06.680]  对啊
[00:03:06.680 --> 00:03:09.660]  这座城堡比早期的木造城堡坚固
[00:03:09.660 --> 00:03:11.160]  更像是军事堡垒
[00:03:11.160 --> 00:03:13.200]  有石头建造的围墙
[00:03:13.200 --> 00:03:14.140]  夺口
[00:03:14.140 --> 00:03:16.080]  吊桥和湖城河
[00:03:16.080 --> 00:03:18.140]  甚至还有冲眼
[00:03:18.140 --> 00:03:20.820]  冲眼是什么
[00:03:20.820 --> 00:03:23.300]  就是城墙上那些狭窄的
[00:03:23.300 --> 00:03:27.000]  逼至開口 士兵可以安全的躲在城牆後面
[00:03:27.000 --> 00:03:29.500]  從衝眼向敵人射箭
[00:03:29.500 --> 00:03:32.800]  這道石頭城牆有多厚啊
[00:03:32.800 --> 00:03:36.900]  石牆的厚度大約是2到3公尺
[00:03:36.900 --> 00:03:38.300]  有些甚至更厚
[00:03:38.300 --> 00:03:41.300]  好 我們到這邊先暫停一下來聽聽看
[00:03:41.300 --> 00:03:43.500]  就是這邊這個它一打開
[00:03:43.500 --> 00:03:46.740]  第一個頁面就是一個這個大大框
[00:03:46.740 --> 00:03:48.300]  然後上面有立體的城堡
[00:03:48.300 --> 00:03:49.700]  而且它是雙面的喔
[00:03:49.700 --> 00:03:53.400]  就是不只是前面都可以點讀出故事
[00:03:53.400 --> 00:03:56.800]  然後這個後面的這些人物也都有他的對白
[00:03:56.800 --> 00:03:57.800]  比如說
[00:03:57.800 --> 00:03:59.500]  公主啊公主
[00:03:59.500 --> 00:04:01.900]  請把你的頭髮放下來
[00:04:01.900 --> 00:04:03.700]  我只有繩子
[00:04:03.700 --> 00:04:06.200]  沒有那麼長的頭髮
[00:04:06.200 --> 00:04:07.200]  對
[00:04:07.200 --> 00:04:08.400]  也可以啦
[00:04:08.400 --> 00:04:09.200]  這個很幽默
[00:04:09.200 --> 00:04:10.600]  就是在講長髮
[00:04:10.600 --> 00:04:13.500]  有點在影射這個長髮公主的故事
[00:04:13.500 --> 00:04:16.200]  然後他這邊還有一本有可愛的書中書
[00:04:16.200 --> 00:04:18.300]  就問告訴你中世紀是什麼時代
[00:04:18.300 --> 00:04:20.960]  是一本唱首风情的折页书
[00:04:20.960 --> 00:04:22.180]  然后这边就告诉你
[00:04:22.180 --> 00:04:24.820]  他是西方历史上一个很漫长的时期
[00:04:24.820 --> 00:04:28.220]  从古罗马时期结束一直到近代初期
[00:04:28.220 --> 00:04:29.140]  延续了一千年
[00:04:29.140 --> 00:04:32.840]  然后这里就有就是各个时期
[00:04:32.840 --> 00:04:35.800]  在历史上的这个位置是什么
[00:04:35.800 --> 00:04:37.520]  那可以点来听听看
[00:04:37.520 --> 00:04:39.880]  然后我们又到了第二个块
[00:04:39.880 --> 00:04:42.020]  也是在讲城堡里的生活
[00:04:42.020 --> 00:04:45.700]  然后这里面也每一页都有他自己的情境故事
[00:04:45.700 --> 00:04:47.760]  非常的丰富的故事
[00:04:47.760 --> 00:04:50.000]  然后有一些小细节我觉得非常有趣
[00:04:50.000 --> 00:04:50.960]  比如说
[00:04:50.960 --> 00:04:53.120]  城堡的厕所在哪里
[00:04:53.120 --> 00:04:57.440]  通常在房间靠墙的角落里
[00:04:57.440 --> 00:05:01.480]  人们上厕所时会坐在一个有洞的位置上
[00:05:01.480 --> 00:05:04.880]  排泄物会直接落入护城河里
[00:05:04.880 --> 00:05:07.680]  这个地方被称为便坑
[00:05:07.680 --> 00:05:08.400]  对
[00:05:08.400 --> 00:05:10.520]  这个地方就是
[00:05:10.520 --> 00:05:12.800]  小马他非常惊讶
[00:05:12.800 --> 00:05:13.760]  就是哇天哪
[00:05:13.760 --> 00:05:15.880]  这原来古代的更衣室
[00:05:15.880 --> 00:05:16.760]  我们说更衣室
[00:05:16.760 --> 00:05:21.680]  其實它是一個大便會從這邊露出來
[00:05:21.680 --> 00:05:25.720]  直接通往護城河的一個像風坑一樣的東西
[00:05:25.720 --> 00:05:27.160]  他非常的驚訝
[00:05:27.160 --> 00:05:29.600]  然後這裡有城堡裡有監獄
[00:05:29.600 --> 00:05:31.000]  它裡面都有官犯人
[00:05:31.000 --> 00:05:33.120]  然後這裡冰氣庫你可以打開看
[00:05:33.120 --> 00:05:33.720]  它各式各樣
[00:05:33.720 --> 00:05:36.600]  它每一個你點的小人物
[00:05:36.600 --> 00:05:38.840]  然後它都有比如說這個在大便的人
[00:05:38.840 --> 00:05:42.120]  最近青菜吃太少啦
[00:05:42.120 --> 00:05:43.280]  是不是
[00:05:43.280 --> 00:05:45.520]  小朋友最喜歡這些東西了
[00:05:45.520 --> 00:05:48.880]  竟然還有一份那個排泄物掉到水裡的這個音響
[00:05:48.880 --> 00:05:51.280]  然後這邊是城堡的主人領主
[00:05:51.280 --> 00:05:56.880]  他在自己的領地裡面這個堡壘裡面去解決他
[00:05:56.880 --> 00:05:59.920]  審判犯人或解決糾紛
[00:05:59.920 --> 00:06:01.200]  那這是一個這樣的折頁
[00:06:01.200 --> 00:06:03.360]  你可以看到這一頁他在審判一個犯人
[00:06:03.360 --> 00:06:06.880]  到了下一頁呢就是這個農夫他們在爭執
[00:06:06.880 --> 00:06:08.640]  我們聽聽看他們在吵什麼
[00:06:08.640 --> 00:06:14.040]  領主大人 就是那個人養的豬 吃了我田裡的菜
[00:06:14.040 --> 00:06:18.640]  領主大人 確實是我的豬吃了他的菜
[00:06:18.640 --> 00:06:21.140]  但我的豬不是過夜的
[00:06:21.140 --> 00:06:24.640]  連豬都有音效
[00:06:24.640 --> 00:06:31.640]  還可以看到這個箱子裡面裝了好多的一些餐具啊什麼的
[00:06:31.640 --> 00:06:33.640]  一些華麗的餐具
[00:06:33.640 --> 00:06:38.760]  然后再来就是他这边也顺便介绍了中世纪的三大阶级
[00:06:38.760 --> 00:06:41.720]  是劳动者、祈祷者和战斗者
[00:06:41.720 --> 00:06:44.760]  我觉得他这里面的文字就是很适合小学生
[00:06:44.760 --> 00:06:47.140]  甚至国中生都可以从里面学到很多知识
[00:06:47.140 --> 00:06:49.860]  因为我们的世界史都是到了国中
[00:06:49.860 --> 00:06:52.940]  应该是国中三年级才开始学吧
[00:06:52.940 --> 00:06:56.740]  所以这里面有很多东西可以成为他的一些基础预备知识
[00:06:56.740 --> 00:06:59.400]  然后有很有趣的方式来学习
[00:06:59.400 --> 00:07:02.300]  然后这里面是除了这些贵族以外
[00:07:02.300 --> 00:07:03.900]  農民是怎麼生活的
[00:07:03.900 --> 00:07:04.700]  可以看到
[00:07:04.700 --> 00:07:10.600]  他們在煮東西啊
[00:07:10.600 --> 00:07:11.700]  繼續照顧小孩
[00:07:11.700 --> 00:07:17.600]  那他每一本他都有一個像這樣子
[00:07:17.600 --> 00:07:20.200]  一些很有趣的一些點讀的問答題
[00:07:20.200 --> 00:07:21.600]  叫做不可思議
[00:07:21.600 --> 00:07:24.200]  那我們來聽聽看像他這裡有一個
[00:07:24.200 --> 00:07:26.000]  我可以點自己有興趣的
[00:07:30.400 --> 00:07:33.100]  所以為什麼以前的人要在浴缸裡鋪一塊布啊
[00:07:33.100 --> 00:07:34.060]  再聽聽看
[00:07:34.060 --> 00:07:37.840]  這麼做是為了避免被木刺扎到屁股
[00:07:37.840 --> 00:07:41.240]  以前的人都用木製的浴桶泡熱水澡
[00:07:41.240 --> 00:07:45.440]  家裡沒有浴桶的人就會去公共澡堂洗澡
[00:07:45.440 --> 00:07:46.240]  很意外吧
[00:07:46.240 --> 00:07:49.720]  居然在浴缸裡面鋪布的原因是什麼
[00:07:49.720 --> 00:07:52.620]  以免這個浴桶的木刺刺到屁股
[00:07:52.620 --> 00:07:58.260]  然後還問你說圓桌舞是真的存在嗎
[00:07:58.260 --> 00:08:00.200]  然後這裡就有解答喔
[00:08:00.200 --> 00:08:01.980]  裡面是臘腸配麵包
[00:08:01.980 --> 00:08:03.980]  真是人生一大享受
[00:08:03.980 --> 00:08:06.820]  對了 我的乳酪放到哪裡去了
[00:08:06.820 --> 00:08:08.520]  然後這邊還有一個騎士
[00:08:08.520 --> 00:08:09.580]  我也蠻喜歡這一頁
[00:08:09.580 --> 00:08:11.660]  它就會告訴你騎士是怎麼成
[00:08:11.660 --> 00:08:13.440]  哪些人可以成為騎士
[00:08:13.440 --> 00:08:15.680]  然後要接受怎麼樣的訓練
[00:08:15.680 --> 00:08:17.720]  然後甚至這邊給比較小的小朋友
[00:08:17.720 --> 00:08:18.800]  你可以看到它
[00:08:18.800 --> 00:08:21.560]  它有這種好像玩橘娃娃一樣的效果
[00:08:21.560 --> 00:08:23.320]  然後一層一層的
[00:08:23.320 --> 00:08:25.280]  就是這些
[00:08:25.280 --> 00:08:27.680]  盾牌內側還有做一些設計
[00:08:27.680 --> 00:08:28.920]  這樣更好拿
[00:08:28.920 --> 00:08:33.020]  而且 想不到吧 戰袍其實是用來遮陽的
[00:08:33.020 --> 00:08:39.100]  那這個 少了頭盔的盔甲 可就不帥了
[00:08:39.100 --> 00:08:44.900]  棉甲看起來有點珠喔 但是不可或缺
[00:08:44.900 --> 00:08:48.880]  對 而且一層一層的 就是他們穿的非常多層喔
[00:08:48.880 --> 00:08:52.620]  有棉的 然後有這個板甲 金屬做的
[00:08:52.620 --> 00:08:56.240]  還有這個戰袍 然後每一層都有它的功用
[00:08:56.240 --> 00:08:58.520]  然後 我們聽聽看他說什麼
[00:08:58.520 --> 00:09:01.520]  騎士先生 我把你的劍拿來了
[00:09:01.520 --> 00:09:06.520]  哇 騎士真的太帥了
[00:09:06.520 --> 00:09:09.520]  然後小馬和盧卡他們是主要是參加了這個
[00:09:09.520 --> 00:09:11.520]  一日領主的這個參觀活動
[00:09:11.520 --> 00:09:13.520]  是為了幫著盧卡慶生
[00:09:13.520 --> 00:09:14.520]  所以他這裡面
[00:09:14.520 --> 00:09:18.520]  這個有個志工哥哥也是在這迷光貫串全書
[00:09:18.520 --> 00:09:21.520]  他會講一段他就是自己要做什麼
[00:09:21.520 --> 00:09:23.520]  比如說他參加了這個比武大會
[00:09:23.520 --> 00:09:25.520]  那比武大會他這裡有一個小機關很有趣喔
[00:09:25.520 --> 00:09:28.520]  就是他們馬上長槍比武
[00:09:28.520 --> 00:09:30.520]  就是兩個騎士騎著馬
[00:09:30.520 --> 00:09:31.520]  然後比武長兩端
[00:09:31.520 --> 00:09:34.520]  用自己手上的長槍來折斷對手的長槍
[00:09:34.520 --> 00:09:35.520]  或者是把對手撞下馬
[00:09:35.520 --> 00:09:36.520]  他就贏了
[00:09:53.520 --> 00:09:56.120]  然后在每一页都有他自己的情境故事
[00:09:56.120 --> 00:09:57.140]  然后你会看到这里
[00:09:57.140 --> 00:09:59.480]  就是他们的城镇生活是非常脏乱的
[00:09:59.480 --> 00:10:00.460]  他这里有解释说
[00:10:00.460 --> 00:10:02.020]  为什么会这么脏呢
[00:10:02.020 --> 00:10:05.000]  因为那时还没有垃圾桶
[00:10:05.000 --> 00:10:07.880]  人们把家里的垃圾倒在街上
[00:10:07.880 --> 00:10:09.220]  脏乱的环境
[00:10:09.220 --> 00:10:13.100]  常导致瘟疫或霍乱等流行疾病爆发
[00:10:13.100 --> 00:10:16.600]  对 他是直接把垃圾就丢到这个街上
[00:10:16.600 --> 00:10:17.860]  然后他这边告诉你说
[00:10:17.860 --> 00:10:19.040]  衣服是怎么做的
[00:10:19.040 --> 00:10:20.620]  每一个商店都可以把它打开
[00:10:20.620 --> 00:10:21.900]  然后他们这边织布
[00:10:21.900 --> 00:10:23.900]  然後麵包師傅在哪裡工作
[00:10:23.900 --> 00:10:24.900]  他怎麼工作
[00:10:24.900 --> 00:10:25.900]  也可以打開來看
[00:10:25.900 --> 00:10:26.900]  他貼上的每一個人
[00:10:26.900 --> 00:10:28.900]  都有他自己的對白
[00:10:28.900 --> 00:10:43.900]  他這邊還有巴黎聖母院
[00:10:43.900 --> 00:10:45.900]  這是一個很大的
[00:10:45.900 --> 00:10:46.900]  這是一個折頁
[00:10:46.900 --> 00:10:47.900]  變超大型的
[00:10:47.900 --> 00:10:48.900]  你就可以看到很大
[00:10:48.900 --> 00:10:50.900]  他裡面做得非常細緻
[00:10:50.900 --> 00:10:53.300]  然后有很多很多的人物有在建造
[00:10:53.300 --> 00:10:57.200]  建造这个教堂他花了超过150年
[00:10:57.200 --> 00:11:02.200]  直到从12世纪直到14世纪才完工
[00:11:02.200 --> 00:11:04.080]  然后他有介绍他有多高
[00:11:04.080 --> 00:11:07.560]  然后他用什么样的建筑来建筑结构来完成
[00:11:07.560 --> 00:11:09.200]  然后他这边我们常看到
[00:11:09.200 --> 00:11:11.920]  他这边有一些像怪兽一样的
[00:11:11.920 --> 00:11:13.140]  这个是滴水怪兽
[00:11:13.140 --> 00:11:14.520]  到底是用来干什么的
[00:11:14.520 --> 00:11:17.180]  是用来让雨水可以从孔洞排出来
[00:11:17.180 --> 00:11:19.740]  像排水沟的末端这样子
[00:11:19.740 --> 00:11:24.240]  这里有一个他在城堡里面有一个保存知识的抄写室
[00:11:24.240 --> 00:11:27.740]  是修道院里面专门要抄写书籍的房间
[00:11:27.740 --> 00:11:32.040]  然后他会一直生火为了要防止墨水结冰
[00:11:32.040 --> 00:11:34.240]  然后你会看到一些很有趣的小细节
[00:11:34.240 --> 00:11:37.040]  像是这只猫在抄写室里面做什么呢
[00:11:37.040 --> 00:11:38.240]  我们打开看看
[00:11:38.240 --> 00:11:42.740]  抄写室和图书馆里经常有猫出没
[00:11:42.740 --> 00:11:46.540]  他们的任务是赶走爱啃书的老鼠
[00:11:46.540 --> 00:11:49.540]  对 最近台北市不是有鼠患吗
[00:11:49.540 --> 00:11:52.360]  像这样子就是他们中世纪也是很多老鼠
[00:11:52.360 --> 00:11:54.640]  所以就是带他们靠着养猫来干
[00:11:54.640 --> 00:11:56.980]  然后这里呢又再讲到
[00:11:56.980 --> 00:11:58.040]  只是贵族小朋友
[00:11:58.040 --> 00:11:59.580]  只有有钱人家的小朋友呢
[00:11:59.580 --> 00:12:01.540]  才能去上这些上学校
[00:12:01.540 --> 00:12:03.700]  那穷人家的小朋友是要工作的
[00:12:03.700 --> 00:12:05.840]  那那些有钱人家小孩在学校里
[00:12:05.840 --> 00:12:07.140]  会学些什么东西呢
[00:12:07.140 --> 00:12:09.820]  比如说阅读写作算术唱歌
[00:12:09.820 --> 00:12:13.800]  这些就是让小读者可以更感同身受
[00:12:13.800 --> 00:12:16.580]  原来中世纪的小朋友是在学这些东西
[00:12:16.580 --> 00:12:19.300]  然后这里有一个就像这样子的
[00:12:19.300 --> 00:12:21.140]  就是跟刚才那个不可思议一样
[00:12:21.140 --> 00:12:23.400]  你可以电读
[00:12:23.400 --> 00:12:26.180]  然后有一些就是冷知识吧
[00:12:26.180 --> 00:12:27.200]  然后很有趣的
[00:12:27.200 --> 00:12:28.580]  比如说他问你说
[00:12:28.580 --> 00:12:30.540]  真的是真的还假的
[00:12:30.540 --> 00:12:33.120]  中世纪的小孩子都喜欢吃
[00:12:33.120 --> 00:12:35.060]  炸手条配番茄酱
[00:12:35.060 --> 00:12:36.280]  是真的假的呢
[00:12:36.280 --> 00:12:37.380]  其实不是哦
[00:12:37.380 --> 00:12:38.920]  因为假的
[00:12:38.920 --> 00:12:40.720]  中世纪的欧洲人
[00:12:40.720 --> 00:12:42.120]  既不知道马铃薯
[00:12:42.120 --> 00:12:43.880]  也不认识番茄
[00:12:43.880 --> 00:12:47.040]  这两种植物都生长在美洲
[00:12:47.040 --> 00:12:48.440]  当时的欧洲人
[00:12:48.440 --> 00:12:50.440]  尚未探索美洲大陸
[00:12:50.440 --> 00:12:53.440]  然后到了后面呢
[00:12:53.440 --> 00:12:55.580]  我们还可以看到这个港口哦
[00:12:55.580 --> 00:12:56.760]  就是在海上贸易
[00:12:56.760 --> 00:12:58.340]  他们到底都用
[00:12:58.340 --> 00:13:00.260]  跟哪些人在做生意呢
[00:13:00.260 --> 00:13:02.960]  然后海上贸易是会碰到什么样的危险呢
[00:13:02.960 --> 00:13:04.120]  然后这边有一个航海图
[00:13:04.120 --> 00:13:06.060]  还可以这样子把它抽出来
[00:13:06.060 --> 00:13:07.160]  什么是航海图
[00:13:07.160 --> 00:13:08.100]  我还告诉你
[00:13:08.100 --> 00:13:11.700]  航海图上的金尾线和罗坛玫瑰
[00:13:11.700 --> 00:13:14.860]  都是用来指示方位的重要标记
[00:13:14.860 --> 00:13:17.580]  然后这是
[00:13:17.580 --> 00:13:19.400]  在这里
[00:13:19.400 --> 00:13:20.920]  这段还蛮有趣
[00:13:20.920 --> 00:13:22.180]  我们听一下他的这个
[00:13:22.180 --> 00:13:23.440]  电读音档
[00:13:23.440 --> 00:13:24.520]  清静故事
[00:13:24.520 --> 00:13:30.820]  小猫
[00:13:30.820 --> 00:13:32.540]  是围城镇
[00:13:32.540 --> 00:13:33.780]  太酷了
[00:13:33.780 --> 00:13:35.800]  围城镇
[00:13:35.800 --> 00:13:37.780]  就是包围城堡宫大
[00:13:37.780 --> 00:13:39.400]  是他们命的人投降
[00:13:39.400 --> 00:13:41.420]  中世纪的围城镇
[00:13:41.420 --> 00:13:43.680]  有时候会持续好几个月呢
[00:13:43.680 --> 00:13:44.980]  重金库
[00:13:44.980 --> 00:13:48.660]  我们现在是被包围的那一方
[00:13:48.660 --> 00:13:50.680]  一点都不酷
[00:13:50.680 --> 00:13:53.760]  敌人为什么要来包围我们
[00:13:53.760 --> 00:13:55.960]  这些敌人趁领主不在
[00:13:55.960 --> 00:13:58.220]  想来占领城堡扩张领地
[00:13:58.220 --> 00:14:00.640]  领主不在吗
[00:14:00.640 --> 00:14:02.560]  那现在要怎么办
[00:14:02.560 --> 00:14:05.620]  现在是领主夫人在发号施令
[00:14:05.620 --> 00:14:08.460]  她会阻止士兵和夫人对抗敌人
[00:14:08.460 --> 00:14:09.640]  绝对不会投降
[00:14:09.640 --> 00:14:12.880]  领主夫人真厉害
[00:14:12.880 --> 00:14:14.520]  我想帮忙
[00:14:14.520 --> 00:14:15.840]  我也想帮忙
[00:14:15.840 --> 00:14:18.660]  一般来说发生战争的时候
[00:14:18.660 --> 00:14:22.020]  父母会把小孩子藏在城堡的地窖里
[00:14:22.020 --> 00:14:22.980]  比较安全
[00:14:22.980 --> 00:14:24.760]  而且还有食物
[00:14:24.760 --> 00:14:25.840]  我怕饿得肚子
[00:14:25.840 --> 00:14:28.320]  保卫城堡
[00:14:28.320 --> 00:14:29.420]  人人有责
[00:14:29.420 --> 00:14:30.160]  多
[00:14:30.160 --> 00:14:32.740]  不要去堵地窍
[00:14:32.740 --> 00:14:34.560]  卢卡你看
[00:14:34.560 --> 00:14:37.120]  敌人用甘草和泥土
[00:14:37.120 --> 00:14:38.580]  填平沐城河
[00:14:38.580 --> 00:14:40.640]  又靠近城墙了
[00:14:40.640 --> 00:14:41.780]  我们听到这里
[00:14:41.780 --> 00:14:43.860]  然后你可以看到这里有工程塔
[00:14:43.860 --> 00:14:45.000]  有一个这样可以移动的
[00:14:45.000 --> 00:14:45.980]  这个木制高塔
[00:14:45.980 --> 00:14:47.420]  就是很身历其境
[00:14:47.420 --> 00:14:48.360]  然后有投石机
[00:14:48.360 --> 00:14:50.240]  这屋真的可以把石头投过去
[00:14:50.240 --> 00:14:51.500]  还会找到人
[00:14:51.500 --> 00:14:54.320]  然后他们还有这个爬梯子的人啊
[00:14:54.320 --> 00:14:56.280]  然后这边放了货啊
[00:14:56.280 --> 00:14:57.460]  他领主夫人在这边
[00:14:57.460 --> 00:14:58.840]  他罗卡和小马在这里
[00:14:58.840 --> 00:15:02.280]  他们帮着领主夫人一起来防御这个城堡
[00:15:02.280 --> 00:15:03.660]  然后到了
[00:15:03.660 --> 00:15:06.600]  就是他们举办了一个盛大的宴会
[00:15:06.600 --> 00:15:07.660]  然后在这里呢
[00:15:07.660 --> 00:15:09.760]  我们可以介绍人们会吃什么
[00:15:09.760 --> 00:15:11.480]  哇 竟然还有孔雀
[00:15:11.480 --> 00:15:14.760]  今天的压轴就是这道烤孔雀
[00:15:14.760 --> 00:15:17.860]  宾客们看了一定会非常惊艳
[00:15:17.860 --> 00:15:20.660]  对 然后这边会有像小丑的表演啊
[00:15:20.660 --> 00:15:21.680]  就是杂耍的人
[00:15:21.680 --> 00:15:23.860]  然后就是领主这些
[00:15:23.860 --> 00:15:26.620]  他们宴请这些贵宾
[00:15:26.620 --> 00:15:28.600]  或者宴请替他工作的农民
[00:15:28.600 --> 00:15:30.260]  这不是常常发生的事情
[00:15:30.260 --> 00:15:31.820]  那时候没有冰箱
[00:15:31.820 --> 00:15:34.080]  所以他们用盐来保存肉类和鱼类
[00:15:34.080 --> 00:15:36.140]  用醋来保存水果和蔬菜
[00:15:36.140 --> 00:15:38.880]  然后这边每一个
[00:15:38.880 --> 00:15:40.000]  这是KittyDog的
[00:15:40.000 --> 00:15:40.860]  这是最后一个
[00:15:40.860 --> 00:15:43.940]  他最后一页都会有一个跨页的知识小考验
[00:15:43.940 --> 00:15:45.120]  有实题问答
[00:15:45.120 --> 00:15:46.060]  然后考验你
[00:15:46.060 --> 00:15:49.820]  就是刚才有没有仔细听这个故事
[00:15:49.820 --> 00:15:51.200]  然后里面学到了什么
[00:15:51.200 --> 00:15:52.360]  比如说我们刚才有学到
[00:15:52.360 --> 00:15:54.000]  以前的人是在哪里上厕所
[00:15:54.000 --> 00:15:56.820]  或者是歧视比武大会的裁判是谁
[00:15:56.820 --> 00:15:58.800]  然后谁要接受审判
[00:15:58.800 --> 00:15:59.260]  这样子
[00:15:59.260 --> 00:16:01.060]  或他们用什么东西来洗澡
[00:16:01.060 --> 00:16:02.680]  那这些都是用点读笔
[00:16:02.680 --> 00:16:03.740]  然后可以互动
[00:16:03.740 --> 00:16:06.140]  直接玩问答游戏的
[00:16:06.140 --> 00:16:07.440]  我觉得非常有趣
[00:16:07.440 --> 00:16:09.180]  接着我们来看
[00:16:09.180 --> 00:16:11.220]  这是第五集的
[00:16:11.220 --> 00:16:12.200]  第五套的第二本
[00:16:12.200 --> 00:16:14.480]  叫做航向海盗王国
[00:16:14.480 --> 00:16:16.180]  那航向海盗王国
[00:16:16.180 --> 00:16:20.020]  他是在讲海盗的这个故事
[00:16:20.020 --> 00:16:23.240]  也是西方历史中非常非常重要的一个
[00:16:23.240 --> 00:16:26.600]  然后也是非常危险又迷人的角色
[00:16:26.600 --> 00:16:30.840]  我觉得小朋友都很喜欢玩海盗的角色扮演
[00:16:30.840 --> 00:16:32.120]  尤其是小男生
[00:16:32.120 --> 00:16:33.220]  然后在这里
[00:16:33.220 --> 00:16:36.900]  就是卢卡他是为了要应征一个剧团的演员
[00:16:36.900 --> 00:16:39.440]  所以他就想要拉着小马拍一支
[00:16:39.440 --> 00:16:41.180]  加勒比海大冒险的影片
[00:16:41.180 --> 00:16:43.240]  然后就借此他也揭开了
[00:16:43.240 --> 00:16:45.380]  十八世纪海盗的神秘面纱
[00:16:45.380 --> 00:16:47.880]  来听一下
[00:16:47.880 --> 00:16:55.660]  也可以这边点这个听全书的朗读
[00:16:55.660 --> 00:16:57.040]  或者点这个小卡
[00:16:57.040 --> 00:17:00.540]  听他的就是不用带书也可以出门听
[00:17:00.540 --> 00:17:02.600]  然后在这里开始就有一个跨
[00:17:02.600 --> 00:17:04.280]  就是跨越的好大的
[00:17:04.280 --> 00:17:06.380]  这是一个折页的大地图
[00:17:06.380 --> 00:17:10.080]  我们来听听看一小段情境故事
[00:17:10.080 --> 00:17:31.540]  這是一張大地圖
[00:17:31.540 --> 00:17:35.260]  这片海域是十八世纪海盗主要的活动范围
[00:17:35.260 --> 00:17:37.840]  那时候来自欧洲的海盗
[00:17:37.840 --> 00:17:41.580]  在这里剪剪满载珍贵货物的商船
[00:17:41.580 --> 00:17:45.740]  可以说是人工无极的海上恶棍呢
[00:17:45.740 --> 00:17:47.820]  海上恶棍
[00:17:47.820 --> 00:17:50.860]  其实就是罪犯吧
[00:17:50.860 --> 00:17:53.940]  海盗不只是攻击抢劫船只
[00:17:53.940 --> 00:17:57.200]  几乎什么犯罪勾当都敢做
[00:17:57.200 --> 00:18:00.080]  为什么还这么受欢迎啊
[00:18:00.080 --> 00:18:02.520]  欸 在海上冒险欸
[00:18:02.520 --> 00:18:04.320]  多么紧张刺激啊
[00:18:04.320 --> 00:18:06.480]  自从看过金银岛之后
[00:18:06.480 --> 00:18:09.160]  我就一直很向往海盗
[00:18:09.160 --> 00:18:11.320]  金银岛
[00:18:11.320 --> 00:18:14.800]  你是说史蒂文森的海盗小说吗
[00:18:14.800 --> 00:18:15.960]  没错
[00:18:15.960 --> 00:18:18.560]  据说作者史蒂文森的灵感
[00:18:18.560 --> 00:18:21.760]  就是来自17 18世纪的海盗冒险故事
[00:18:21.760 --> 00:18:23.240]  好 我们先暂停一下
[00:18:23.240 --> 00:18:24.240]  听到这边
[00:18:24.240 --> 00:18:26.280]  因为他的这个故事都很长
[00:18:26.280 --> 00:18:28.640]  然后在这个地图上面你可以看到
[00:18:28.640 --> 00:18:30.680]  像海盗都是攻击哪些船呢
[00:18:30.680 --> 00:18:32.200]  他都乘坐怎样的船
[00:18:32.200 --> 00:18:34.680]  或者是他为什么会变得这么受欢迎
[00:18:34.680 --> 00:18:35.760]  他没有刚才讲到
[00:18:35.760 --> 00:18:37.420]  这个史蒂文森的金银岛
[00:18:37.420 --> 00:18:40.880]  这是全世界最有名的海盗小说
[00:18:40.880 --> 00:18:42.620]  然后海盗都是一些怎么样的人
[00:18:42.620 --> 00:18:43.780]  他这里都有解释
[00:18:43.780 --> 00:18:44.860]  然后这里呢
[00:18:44.860 --> 00:18:45.860]  就像刚才那个城堡一样
[00:18:45.860 --> 00:18:47.660]  他也有一个立体的海盗船
[00:18:47.660 --> 00:18:50.420]  也是双面都可以听的哦
[00:18:50.420 --> 00:18:55.820]  非常逼真的这个海上的音效
[00:18:55.820 --> 00:19:02.140]  这艘海盗船上住了哪些人
[00:19:02.140 --> 00:19:03.780]  我们可以翻过来
[00:19:03.780 --> 00:19:05.180]  可以看到说
[00:19:05.180 --> 00:19:07.700]  连这个持制的
[00:19:07.700 --> 00:19:09.040]  这个随风飘扬的声音
[00:19:09.040 --> 00:19:10.660]  都非常非常的逼真
[00:19:10.660 --> 00:19:14.100]  然后在这里告诉你说
[00:19:14.100 --> 00:19:15.540]  他如何才能成为海盗
[00:19:15.540 --> 00:19:16.940]  或者是右舷或左舷
[00:19:16.940 --> 00:19:19.180]  船头和船尾是分别是什么意思
[00:19:19.180 --> 00:19:20.380]  还有他刚才卢卡说
[00:19:20.380 --> 00:19:22.760]  他想要做一个就是三维战舰
[00:19:22.760 --> 00:19:24.840]  这个三维战舰又是什么意思呢
[00:19:24.840 --> 00:19:27.520]  好这里这一页我自己很喜欢
[00:19:27.520 --> 00:19:29.220]  是我觉得老少咸宜
[00:19:29.220 --> 00:19:30.660]  就是他在讲海盗守则
[00:19:30.660 --> 00:19:33.660]  大家印象中海盗可能是非常不羁
[00:19:33.660 --> 00:19:34.520]  很狂放的
[00:19:34.520 --> 00:19:37.400]  那其实他们是以纪律森严的一支队伍
[00:19:37.400 --> 00:19:39.600]  他们的规则非常非常多
[00:19:39.600 --> 00:19:41.420]  所以他们会有什么呢
[00:19:41.420 --> 00:19:44.260]  就是他们像他们票选船长
[00:19:44.260 --> 00:19:46.260]  是要用民主投票的方式
[00:19:46.260 --> 00:19:47.700]  而且晚上八点钟
[00:19:47.700 --> 00:19:49.360]  以后就要熄灯了
[00:19:49.360 --> 00:19:52.100]  就是规矩是比学校还多的
[00:19:52.100 --> 00:19:54.300]  然后每天都要整理和擦拭武器
[00:19:54.300 --> 00:19:55.860]  细胞是可用的状态
[00:19:55.860 --> 00:19:57.300]  然后在抽气的话
[00:19:57.300 --> 00:19:58.860]  会被割掉鼻子耳朵之类
[00:19:58.860 --> 00:20:00.060]  就非常严格
[00:20:00.060 --> 00:20:01.300]  甚至他们要吃什么
[00:20:01.300 --> 00:20:03.940]  常常都会来投票决定
[00:20:03.940 --> 00:20:04.900]  他这里就是说
[00:20:04.900 --> 00:20:07.100]  他们中午要不要觉得要吃鸡肉
[00:20:07.100 --> 00:20:08.100]  这样子
[00:20:08.100 --> 00:20:11.140]  然后不遵守规则的话会怎么样
[00:20:11.140 --> 00:20:13.060]  是被鞭打会判死刑之类
[00:20:13.060 --> 00:20:14.460]  或者是被丢在荒岛上
[00:20:14.460 --> 00:20:16.960]  只给他一把手像一瓶水这样
[00:20:16.960 --> 00:20:18.860]  就是他这里有告诉你说
[00:20:18.860 --> 00:20:20.460]  有女生当海盗吗
[00:20:20.460 --> 00:20:21.660]  我觉得这一段非常有趣
[00:20:21.660 --> 00:20:23.400]  大家可以自己听听看
[00:20:23.400 --> 00:20:25.840]  然後再來這個我也好喜歡喔
[00:20:25.840 --> 00:20:27.960]  就是也是一個紙娃娃的概念
[00:20:27.960 --> 00:20:30.360]  這是船長的裝備喔
[00:20:30.360 --> 00:20:35.240]  船長的帽子下面也藏了武器嗎
[00:20:35.240 --> 00:20:37.040]  哦 沒有
[00:20:37.040 --> 00:20:38.840]  但這是個好主意
[00:20:38.840 --> 00:20:40.160]  下次來試試看
[00:20:40.160 --> 00:20:42.040]  這是他的帽子
[00:20:42.040 --> 00:20:44.360]  他解釋為什麼他要戴這種三角帽
[00:20:44.360 --> 00:20:46.760]  然後他的衣服也是這樣可以換裝
[00:20:46.760 --> 00:20:47.800]  他裡面
[00:20:47.800 --> 00:20:50.240]  外面這個很很華麗的這個衣服
[00:20:50.240 --> 00:20:51.760]  裡面倒是穿什麼的
[00:20:51.760 --> 00:20:53.200]  他的腰帶是做什麼的
[00:20:53.200 --> 00:20:56.160]  然后这边还有一个腰带上挂着他的个人物品
[00:20:56.160 --> 00:20:57.860]  他里面有什么东西
[00:20:57.860 --> 00:20:59.340]  那他的衣服是从哪来的
[00:20:59.340 --> 00:21:01.360]  他是比如说他可能通常是抢来的
[00:21:01.360 --> 00:21:03.200]  像这件外面的漂亮的外套
[00:21:03.200 --> 00:21:05.860]  可能是属于某某个富商的哦
[00:21:05.860 --> 00:21:07.700]  然后还说他有好几把手枪
[00:21:07.700 --> 00:21:10.200]  因为以前的手枪只能发射一枚子弹
[00:21:10.200 --> 00:21:13.000]  要重新装弹很多时间
[00:21:13.000 --> 00:21:15.900]  然后他们就偷偷来这个船长的房间哦
[00:21:15.900 --> 00:21:18.960]  然后船长房间这边有一个悬的这个功能
[00:21:18.960 --> 00:21:22.040]  你可以看到船长桌上的东西会变换
[00:21:22.040 --> 00:21:23.480]  比如说这里有望远镜
[00:21:23.480 --> 00:21:26.280]  然后这里有指南针
[00:21:26.280 --> 00:21:27.360]  然后日轨
[00:21:27.360 --> 00:21:28.480]  还有星盘
[00:21:28.480 --> 00:21:29.980]  就是分别用来做什么
[00:21:29.980 --> 00:21:31.140]  他这里都有解释
[00:21:31.140 --> 00:21:32.480]  还有航海图
[00:21:32.480 --> 00:21:34.680]  然后这里有他的航海日记
[00:21:34.680 --> 00:21:37.560]  就是他的航海日记是船长的笔记本
[00:21:37.560 --> 00:21:40.200]  在讲说比如说哪一年我们在什么经纬度
[00:21:40.200 --> 00:21:41.620]  然后海上很闷热
[00:21:41.620 --> 00:21:43.660]  很没事做之类的
[00:21:43.660 --> 00:21:46.000]  这些都是他每天要记录的事情
[00:21:46.000 --> 00:21:47.240]  然后这一个翻下来
[00:21:47.240 --> 00:21:47.740]  这很有趣
[00:21:47.740 --> 00:21:48.960]  船长睡在哪呢
[00:21:48.960 --> 00:21:51.000]  这里可以翻下来一个床铺
Download phase: start
EVENT download status=ok seconds=0.00 item="Ad-hoc Task" detail="【中文知識立體書】將世界史知識變成精采冒險故事！ KiDiDOC 超好玩互動知識書第五輯：勇闖古老城堡 & 航向海盜王國__xntn1ahZvbc.mp3"
EVENT phase_download status=ok seconds=0.00
Transcribe phase: start
EVENT transcribe status=ok seconds=0.00 item="Ad-hoc Task" detail="【中文知識立體書】將世界史知識變成精采冒險故事！ KiDiDOC 超好玩互動知識書第五輯：勇闖古老城堡 & 航向海盜王國__xntn1ahZvbc.srt.txt"
EVENT phase_transcribe status=ok seconds=0.00
Traditionalize phase: start
EVENT traditionalize status=ok seconds=0.15 item="Ad-hoc Task" detail="【中文知識立體書】將世界史知識變成精采冒險故事！ KiDiDOC 超好玩互動知識書第五輯：勇闖古老城堡 & 航向海盜王國__xntn1ahZvbc.zh-Hant.srt.txt"
EVENT traditionalize status=ok seconds=0.25 item="Ad-hoc Task" detail="【中文知識立體書】將世界史知識變成精采冒險故事！ KiDiDOC 超好玩互動知識書第五輯：勇闖古老城堡 & 航向海盜王國__xntn1ahZvbc.zh-Hant.txt"
EVENT phase_traditionalize status=ok seconds=0.25
Summarize phase: start
正在摘要: 【中文知識立體書】將世界史知識變成精采冒險故事！ KiDiDOC 超好玩互動知識書第五輯：勇闖古老城堡 & 航向海盜王國__xntn1ahZvbc.zh-Hant.txt ...
  [Gemini] 嘗試使用 gemini-3-pro-preview 模型...
[OK] 摘要完成 (gemini): 【中文知識立體書】將世界史知識變成精采冒險故事！ KiDiDOC 超好玩互動知識書第五輯：勇闖古老城堡 & 航向海盜王國__xntn1ahZvbc.zh-Hant.summary.md
EVENT summarize status=ok seconds=77.79 item="Ad-hoc Task" detail="【中文知識立體書】將世界史知識變成精采冒險故事！ KiDiDOC 超好玩互動知識書第五輯：勇闖古老城堡 & 航向海盜王國__xntn1ahZvbc.zh-Hant.summary.md"
EVENT phase_summarize status=ok seconds=77.79
Notification phase: start
EVENT mail status=ok seconds=3.57 item="Ad-hoc Task" detail="willard1218@gmail.com"
EVENT telegram status=ok seconds=2.04
EVENT phase_notification status=ok seconds=5.61
PIPELINE_ALL_DOWNLOADED=1
